CURRENCY_RATE_ID,CURRENCY_RATE_DATE,BASE_CURRENCY_CODE,QUOTE_CURRENCY_CODE,CURRENCY_RATE
38701111ca2081f43b98266db55d2300,2021-09-02,GBP,USD,0.78
5e1027a5d7fc439b80ce38c2dce6633a,2021-09-03,GBP,USD,0.78
689477416cf1749af582d938a9444560,2021-09-04,GBP,USD,0.78
aac9642f6bb30a2163fae542fa163059,2021-09-05,GBP,USD,0.78
fd3acea1101a6f1b18d2795016fc7a99,2021-09-06,GBP,USD,0.78
0c0b178e6df42a758e98dfd5c609a531,2021-09-07,GBP,USD,0.78
7d0a19ffbc10539679eb74e24b648917,2021-09-08,GBP,USD,0.78
929e578b1ba4fd1143afad080094296b,2021-09-09,GBP,USD,0.78
e6ed2a714d74a170d3f8a6e735ac68ec,2021-09-10,GBP,USD,0.78
0780f9c5a56fba5ccc544cb36d3e9d50,2021-09-11,GBP,USD,0.78
18f50bc282f9d6970f3e359d8bed06f8,2021-09-12,GBP,USD,0.78
fc58e26e1a66c4ad41f580ed4674b0f7,2021-09-13,GBP,USD,0.78
ecd73458737129c2998bea08bfca60e3,2021-09-14,GBP,USD,0.78
9edf63118444a4c1ce3776464d113c7f,2021-09-15,GBP,USD,0.78
db7b1d2b96a8827c825bd0cee20f7fcb,2021-09-16,GBP,USD,0.78
3c90ac7311754ee9a319df002afdac5d,2021-09-17,GBP,USD,0.78
049e013abcafb7c8d42b12b495f302e8,2021-09-18,GBP,USD,0.78
1b2d1c21878ece740034cb7a259b3f19,2021-09-19,GBP,USD,0.78
c08e0eb5d5573e01cbb2efa403825464,2021-09-20,GBP,USD,0.78
749502c63571013ed64e4980f812ad0f,2021-09-21,GBP,USD,0.78
bebfcd18389c21f3a726feb2cbdbae8e,2021-09-22,GBP,USD,0.78
b4eb2c50b6530203db8fd0f7f742ed9d,2021-09-23,GBP,USD,0.78
2488846b207439423a47a81630f2392d,2021-09-24,GBP,USD,0.78
cf8f263b1d002927ab90704a1a67bd20,2021-09-25,GBP,USD,0.78
51977ab373e033ebf371f1e20165d4b7,2021-09-26,GBP,USD,0.78
c4a4e6f90a1f8451dd45c954d2831638,2021-09-27,GBP,USD,0.78
4b0b8db19fef4fe62a9637743359df1c,2021-09-28,GBP,USD,0.78
80aa9b4737c107006bd86cc6d71583a8,2021-09-29,GBP,USD,0.78
0c5c2885876c5b11846c6f6b9238a7aa,2021-09-30,GBP,USD,0.78
6f259fd16c6a81c1ca95406d99fb7a30,2021-10-01,GBP,USD,0.78
11a176bd4e42f5ea4da76a6ff41a16ec,2021-10-02,GBP,USD,0.78
808c1bab6c54893d6053806d08afa092,2021-10-03,GBP,USD,0.78
291b297d70c7a71287af25054d41bf57,2021-10-04,GBP,USD,0.78
d95d13646c70d51e565c45dc9e839754,2021-10-05,GBP,USD,0.78
af72abd8de061fea5acfb4976d7e9851,2021-10-06,GBP,USD,0.78
fff7ef3ec707cfd41f9b9d9ed9324228,2021-10-07,GBP,USD,0.78
c39890a0babfab74a586bd86a2ed888f,2021-10-08,GBP,USD,0.78
5734de66f0f4c9d28eedea7e09540d18,2021-10-09,GBP,USD,0.78
a4760d1c06956b14e0021f72ce480d97,2021-10-10,GBP,USD,0.78
bbcf4712f1375d073e702e796cc1d87f,2021-10-11,GBP,USD,0.78
699a5cdea1c74ec4db68c48aa2d3cf90,2021-10-12,GBP,USD,0.78
4c52cc0f9ddf45b5c922d119f338e6fd,2021-10-13,GBP,USD,0.78
68304b62589d29152bb25672e173db26,2021-10-14,GBP,USD,0.78
ebb2c2e054b28e1abf3ffd7b9f66d4b3,2021-10-15,GBP,USD,0.78
b7f9ab536ef673707d9210ba9292e7ba,2021-10-16,GBP,USD,0.78
bf22ae6057076390dbd8f37d8dfdd8a8,2021-10-17,GBP,USD,0.78
7013d81c93c5e0c096940c1e1c920133,2021-10-18,GBP,USD,0.78
c79d97938e131cd78b3e5973544c9402,2021-10-19,GBP,USD,0.78
09d0c51e9dbb01eb51794bd5d971b4ed,2021-10-20,GBP,USD,0.78
28a1498e0c18266f70edd73a6c73a316,2021-10-21,GBP,USD,0.78
24d38e02edcb7bc5f34f16fd21cd93cb,2021-10-22,GBP,USD,0.78
db11896baa259c6097460fe4832b60ef,2021-10-23,GBP,USD,0.78
91cc2dca8d414ff2662262f90e94a72d,2021-10-24,GBP,USD,0.78
cd859b100d82a4dc9893a820b178f137,2021-10-25,GBP,USD,0.78
7b475f9cf2a370e82c150bcf6ff7e9d0,2021-10-26,GBP,USD,0.78
bac60d86e06edc531ccf000c02325879,2021-10-27,GBP,USD,0.78
3867ceb76b475d09856c7406fffd646f,2021-10-28,GBP,USD,0.78
faf25bc4cf0a09ae7760e1f0d14763bd,2021-10-29,GBP,USD,0.78
22a6cf68a5765ca57668540c363f35f4,2021-10-30,GBP,USD,0.78
b57c1ff9c995997c565da365736c2081,2021-10-31,GBP,USD,0.78
5ae57df43854cf4c26b1c6cf5ca1903e,2021-11-01,GBP,USD,0.78
9b91c7afa95f9e1c52eb096cda39f135,2021-11-02,GBP,USD,0.78
1440f90327d2ebe261e62039afb24c25,2021-11-03,GBP,USD,0.78
b8a425ff1342aaaed14577fcd8c9cc3f,2021-11-04,GBP,USD,0.78
b7fe0ed49afc996d09341db3e499be26,2021-11-05,GBP,USD,0.78
30fdff2ca9ec880d57b0622e23cf4870,2021-11-06,GBP,USD,0.78
22c6f75eb07583263d1dcf0a35d8f552,2021-11-07,GBP,USD,0.78
947fdd88cd7099e78674a07b3a7745fe,2021-11-08,GBP,USD,0.78
15f789df90404c74ea4b3609d9e32a73,2021-11-09,GBP,USD,0.78
0fcefcb36581f1b9979b4b01f292aa9f,2021-11-10,GBP,USD,0.78
21c6be5ca01d6be24929b9fb692e74b3,2021-11-11,GBP,USD,0.78
6a8850d60fded2651ff8b7a5512dac86,2021-11-12,GBP,USD,0.78
64ad65b88fb139668ccb88337a298f24,2021-11-13,GBP,USD,0.78
e7a137efd8b3f6761aef1f10c4b91ce4,2021-11-14,GBP,USD,0.78
b2b79259950c549c6e464dfa9cc3d826,2021-11-15,GBP,USD,0.78
3fbe3644796153690fa0643fc3cfc510,2021-11-16,GBP,USD,0.78
3df34572b01429aa1a841bfcb50f0fe6,2021-11-17,GBP,USD,0.78
4734abb92409d81a13f83b2c3ad3bc5d,2021-11-18,GBP,USD,0.78
7b07984ebae3ed144570ec63e982cd4a,2021-11-19,GBP,USD,0.78
c0f00340b24c449dcc98105f4f435d20,2021-11-20,GBP,USD,0.78
0fab2cfd4be510c696ab1156c5927783,2021-11-21,GBP,USD,0.78
d3c2c8ef792bade0253f5f67ac84fa6f,2021-11-22,GBP,USD,0.78
6c405a865ffa85e6c0532cdb43e63165,2021-11-23,GBP,USD,0.78
df5c9496cc5f289e409b9710d5e37b6d,2021-11-24,GBP,USD,0.78
d1413829e8f0091240195c23b3961630,2021-11-25,GBP,USD,0.78
ce8bd93ce51d37317da908091a228a85,2021-11-26,GBP,USD,0.78
51e3a9ab92c727282ed71c7866c6183c,2021-11-27,GBP,USD,0.78
f36299fa2856f54e47f62650daec7f0d,2021-11-28,GBP,USD,0.78
d365de0a5ddda6970c260e599783c3a0,2021-11-29,GBP,USD,0.78
21608a5e552f68a687ce8be4618d03d8,2021-11-30,GBP,USD,0.78
52455b590622d018ae1e0f1464b763f8,2021-12-01,GBP,USD,0.78
dad3dd78b8d2518be73a91bd98aefafa,2021-12-02,GBP,USD,0.78
1314cb2c29e602d57d4e6b57b626d8b2,2021-12-03,GBP,USD,0.78
497669aa756bce0264d7fffd67268743,2021-12-04,GBP,USD,0.78
60fd7ea1b8aec23b5ae227366878606e,2021-12-05,GBP,USD,0.78
904449a5ea1690052e52aa3d2c9154c9,2021-12-06,GBP,USD,0.78
9bf50ed4ec2012b703ec628547b002fe,2021-12-07,GBP,USD,0.78
0928ba6cd9e7306caadac1849d6cc5cb,2021-12-08,GBP,USD,0.78
f635c2f9f111e5216986450c830f152f,2021-12-09,GBP,USD,0.78
dbfd0fb175fd150591119d259968609e,2021-12-10,GBP,USD,0.78
21e5e2ee6a4b6d0f615dcb6d602295d5,2021-12-11,GBP,USD,0.78
ec1b8a362a478bb3b989875c578f4c2a,2021-12-12,GBP,USD,0.78
d35922cc76a2089623713b7694369dd1,2021-12-13,GBP,USD,0.78
5d1d80bd87793a28e39068942e7a32a6,2021-12-14,GBP,USD,0.78
2387744493258f98a1c3cb7198cece1e,2021-12-15,GBP,USD,0.78
0886cc242741edea8b4a5c12d4cf1cbb,2021-12-16,GBP,USD,0.78
05714069889caa3185584d55adcafceb,2021-12-17,GBP,USD,0.78
9b89101d4eb41d29d0f2101d134738a8,2021-12-18,GBP,USD,0.78
c7f953ef23a87b5fadfc968305cf83ff,2021-12-19,GBP,USD,0.78
c840f86eb1a40bf2b5a7b8800c6b2973,2021-12-20,GBP,USD,0.78
abf14136773abcd28e65dc630f08bf5f,2021-12-21,GBP,USD,0.78
e4ea17776c958502d7a2fda1b9248a41,2021-12-22,GBP,USD,0.78
bec07e1452d34cbd27099c2f80ec38c3,2021-12-23,GBP,USD,0.78
3f760cb669dd81aae55c0edc4820c543,2021-12-24,GBP,USD,0.78
fe282eff73b6a87ab886cae7a4c3d6be,2021-12-25,GBP,USD,0.78
c1cb29b470af1d8edb053a6eaaae05c7,2021-12-26,GBP,USD,0.78
9475aeae414baa2437c48f2f83265b38,2021-12-27,GBP,USD,0.78
9374301bb0eea9a0c7c7265f39ef8245,2021-12-28,GBP,USD,0.78
cc9466ed1416dc4938091e070fd7bebb,2021-12-29,GBP,USD,0.78
6baaef76468995c36d880ea45adde801,2021-12-30,GBP,USD,0.78
a40d4be39f92244f38cd1c6676925b59,2021-12-31,GBP,USD,0.78
f146ffc559fb6dde6117b07671b4df64,2022-01-01,GBP,USD,0.78
b68b1c17dc03373ec39b36eb0551d6db,2022-01-02,GBP,USD,0.78
5ed12142904023ccf57d16e8f6126f9a,2022-01-03,GBP,USD,0.78
99dbdcdc11c0fdf23c2a27b7bfd7e615,2022-01-04,GBP,USD,0.78
f139b04e32140bf98d5724b1f9f267de,2022-01-05,GBP,USD,0.78
85a8d7b06cf441d1d1bacff8aa9a9418,2022-01-06,GBP,USD,0.78
40355710dcd4d91e98bf650771b1b257,2022-01-07,GBP,USD,0.78
af1286ef3ea5e154bde84399e90f8c85,2022-01-08,GBP,USD,0.78
78d55cc6b4b44768bd359e3422335379,2022-01-09,GBP,USD,0.78
fcd26a2c627913ffef6a85737ebd14a8,2022-01-10,GBP,USD,0.78
3c6a5a5af944773c5e6f812d367b5f27,2022-01-11,GBP,USD,0.78
22c846fa3b01cce7f3773186fc787108,2022-01-12,GBP,USD,0.78
9c938b8160adff427d59ed36ca317b2b,2022-01-13,GBP,USD,0.78
60ed1904804a56e01cb0b45344a711a3,2022-01-14,GBP,USD,0.78
0c2b9f9af3c01b6d8be58f51e34f455d,2022-01-15,GBP,USD,0.78
f72ac73496912332e39461b110dd4cb8,2022-01-16,GBP,USD,0.78
0755cc3a3dd6e20fb8bc11a4878b534c,2022-01-17,GBP,USD,0.78
2151a176c147a6c1ebf74f0386b502b0,2022-01-18,GBP,USD,0.78
a084e8ce394b9b43b62623301689100a,2022-01-19,GBP,USD,0.78
69c7a9d33485960a2b0fe35902f1385d,2022-01-20,GBP,USD,0.78
731a2b1579479db384974e2056763cd5,2022-01-21,GBP,USD,0.78
50c2358c075ca36992f0c89fc5b51e00,2022-01-22,GBP,USD,0.78
405cf82cbb08b8376c3d82ce6d917129,2022-01-23,GBP,USD,0.78
937f6ebfafbfbf3c6a13e73f82805771,2022-01-24,GBP,USD,0.78
cd394a55794087aa75a09f6eab94d243,2022-01-25,GBP,USD,0.78
ad448ad7a5a51ada77f2b5a9101f82bc,2022-01-26,GBP,USD,0.78
263855a4e9f144d00a138eaedfedf3a3,2022-01-27,GBP,USD,0.78
c6c1d81736a05e6c77944f79bf727ba2,2022-01-28,GBP,USD,0.78
5e7a1f13b5bb7b6158a2ca0ed1e33b8d,2022-01-29,GBP,USD,0.78
5af93b99d88d88f564deab9f62871953,2022-01-30,GBP,USD,0.78
99f9b448d5bc772277387e55c94e489d,2022-01-31,GBP,USD,0.78
039a27f13af966a228679d342b1b41d6,2022-02-01,GBP,USD,0.78
6d9dd705dae6675639b046291ce4831d,2022-02-02,GBP,USD,0.78
96a548824c190baa37a3e3475035e034,2022-02-03,GBP,USD,0.78
67ad24750a9dd1068c202d51a7fdd584,2022-02-04,GBP,USD,0.78
d1438172e3c9f11207c7e79bad572283,2022-02-05,GBP,USD,0.78
eba1748cb7949d6c84f7914d1032fc0e,2022-02-06,GBP,USD,0.78
0cb4128fbf9dbb5873e63c37a00d7043,2022-02-07,GBP,USD,0.78
a8c62c8568d39c9ed0c9e750771ee7f0,2022-02-08,GBP,USD,0.78
f304b2ab6d7db64be73b1ccc47698ad5,2022-02-09,GBP,USD,0.78
f4ee40338d52dbc2596dce042b0faf10,2022-02-10,GBP,USD,0.78
a3c8465e427a21a7864ca086d9abe64b,2022-02-11,GBP,USD,0.78
1229e04895df17012073173e5a474b98,2022-02-12,GBP,USD,0.78
c4eea5189e615201476d8107ad21405b,2022-02-13,GBP,USD,0.78
adab2f0daeec00cdb0c1b05be52e7c74,2022-02-14,GBP,USD,0.78
943b3e77ee598416b7c272f4c5b0cb83,2022-02-15,GBP,USD,0.78
30d39ac0312982813af65f7c2dce85b9,2022-02-16,GBP,USD,0.78
df9e6b19efdf2dedc1a153cccf875c45,2022-02-17,GBP,USD,0.78
b5ed78de10281304b8340a4f1f83fe2f,2022-02-18,GBP,USD,0.78
ceeb1285e82a0b34385d5bda78ee89c1,2022-02-19,GBP,USD,0.78
76e243df85d234f9a4cda0796149648a,2022-02-20,GBP,USD,0.78
22cd14c0761fa864c55cc8bcb76030b5,2022-02-21,GBP,USD,0.78
d1616dfd3e4e1555b4ebca160f0f07c5,2022-02-22,GBP,USD,0.78
eba5ada70855f3b7f757cfbb3c9a2369,2022-02-23,GBP,USD,0.78
37eb0ea24448aee92ee422f8b28cec67,2022-02-24,GBP,USD,0.78
a29828f0851bbea29105bec42c3f0393,2022-02-25,GBP,USD,0.78
5857407871e7a6bb9645f47c6e53e3e7,2022-02-26,GBP,USD,0.78
b8952ee3229ea592dfff2cf520b7bf9d,2022-02-27,GBP,USD,0.78
99d7fe7f032997b4adc7624eed9efdb8,2022-02-28,GBP,USD,0.78
a4116859cdb60f894882ad909598c1e6,2022-03-01,GBP,USD,0.78
1fce1b8d5275dfe0a23450723831330c,2022-03-02,GBP,USD,0.78
a14ff9cc931e46a33e4a85df09663a55,2022-03-03,GBP,USD,0.78
0f91c01667b2c4bac016dac1ca8d12d7,2022-03-04,GBP,USD,0.78
870abe495fb61b818b2214c1401a55a2,2022-03-05,GBP,USD,0.78
1981a6e87659125769d364e5c88ee23e,2022-03-06,GBP,USD,0.78
efe5a4565bc952192ccf59e16102013b,2022-03-07,GBP,USD,0.78
aaea9d9e8f6034590898c97a712fda10,2022-03-08,GBP,USD,0.78
2cbf0c6504824ac43f0b60c7b4118120,2022-03-09,GBP,USD,0.78
b9e07c83c33e8a8e379c34df49d8d4a9,2022-03-10,GBP,USD,0.78
5eae275160c7b38a345e0a58858586be,2022-03-11,GBP,USD,0.78
51e976754111b6449477c5ef9853826e,2022-03-12,GBP,USD,0.78
b6911fe49e7d0172db5570eecbb1d18c,2022-03-13,GBP,USD,0.78
2e528171a3d505482243ea84cd9201f3,2022-03-14,GBP,USD,0.78
96aaf6e16955006f15b38bd3292d2494,2022-03-15,GBP,USD,0.78
2258c0ec7bd028e243adb5400f266ea2,2022-03-16,GBP,USD,0.78
d3d0bfedfe67d673217c81ec70d094d2,2022-03-17,GBP,USD,0.78
2cb286e8a60d2836bd7685f3fe215dd7,2022-03-18,GBP,USD,0.78
a7b41587213cd21f5413dfc86e7b8a5d,2022-03-19,GBP,USD,0.78
d5d038fd0b4c37d156486efd3d3f2ddc,2022-03-20,GBP,USD,0.78
cad39d589b264314940fc36028d7b8c4,2022-03-21,GBP,USD,0.78
964c03d76019b1648942142f7c037d4f,2022-03-22,GBP,USD,0.78
b9dbd67d39e31619a5709aced36a7f9b,2022-03-23,GBP,USD,0.78
50812be67f4e1959c4cbd5334b24c2cf,2022-03-24,GBP,USD,0.78
3beb3dfc6ba930ab2888da3fd740a19f,2022-03-25,GBP,USD,0.78
c89cffe260627f5de864884e9a75d102,2022-03-26,GBP,USD,0.78
0dd8114562b26aa2329af36c539aeceb,2022-03-27,GBP,USD,0.78
abc86066d26cf91bf19b3ddbc68ed572,2022-03-28,GBP,USD,0.78
1a1aee6d551e643bc9dbe7b1600472b8,2022-03-29,GBP,USD,0.78
b599310679fe9f451a6188a6090ad029,2022-03-30,GBP,USD,0.78
ef969b410d317b219b8d7cd5bba2bd07,2022-03-31,GBP,USD,0.78
d22627bee87992e3ef1c52fd892487c5,2022-04-01,GBP,USD,0.78
1ee1d836a9b02dad5f35848c1fc0f6a7,2022-04-02,GBP,USD,0.78
d9a0b7c52e5627612a9eb65304da0398,2022-04-03,GBP,USD,0.78
b3f1ece9e418e70a086e15349e4b03df,2022-04-04,GBP,USD,0.78
3afccfa2efcd28a4670093259961106f,2022-04-05,GBP,USD,0.78
7922d74f5bd7f81cdab18559bde8558e,2022-04-06,GBP,USD,0.78
daede987ad163a77ebdb86b0664d270b,2022-04-07,GBP,USD,0.78
cd13a4e40a32be1cbd4675916e1fa4fb,2022-04-08,GBP,USD,0.78
faceab39cc5c3958d74c9b8450333da0,2022-04-09,GBP,USD,0.78
f879b805ebcc93d1cec889c5113f79ae,2022-04-10,GBP,USD,0.78
bbb781a20deb67a4c58b7223493f02b2,2022-04-11,GBP,USD,0.78
8d8ca3062bece7cee3090f923e2551f3,2022-04-12,GBP,USD,0.78
1b10276553bb7d96993eb62d16ebf430,2022-04-13,GBP,USD,0.78
02c02280153663700f083671e2f34b52,2022-04-14,GBP,USD,0.78
735e4699debe66171deee56413e042ae,2022-04-15,GBP,USD,0.78
ef86300aa806b499cf281869d45ec93d,2022-04-16,GBP,USD,0.78
3d95ba5c5b566498dd5e6afb469e57a2,2022-04-17,GBP,USD,0.78
6c8ff3650ed4c78185a01a09ad5da74a,2022-04-18,GBP,USD,0.78
6b13899c70f6f89995ad7ecf4fc99182,2022-04-19,GBP,USD,0.78
6e88a2e7abced516a4169fa8ee604312,2022-04-20,GBP,USD,0.78
721d569d7aa6705f17f4ffa932811335,2022-04-21,GBP,USD,0.78
0697f5d49b3d83438c8514d2a608307e,2022-04-22,GBP,USD,0.78
dc773036192b25faf0f9f19ad7952a21,2022-04-23,GBP,USD,0.78
23d3c92ded45e015e317de066a85b95b,2022-04-24,GBP,USD,0.78
6898168d7ab9f4432c7649ce0ddc7c92,2022-04-25,GBP,USD,0.78
d022ea1266b3ba2e6e3fbb78c7bcb285,2022-04-26,GBP,USD,0.78
8cc6ee867b04bc4da06d54dfdb868046,2022-04-27,GBP,USD,0.78
568c8649c5a78b2e1a0a61c0ecc9f429,2022-04-28,GBP,USD,0.78
43dc31d9af0febdf3fb5293b499326d8,2022-04-29,GBP,USD,0.78
795931d4cb7fbf4d215723bc0ffbc176,2022-04-30,GBP,USD,0.78
a46f30d905c73ed0d833addc7e9a9c5c,2022-05-01,GBP,USD,0.78
66402ec76905a9fbfc7b46a41e17c035,2022-05-02,GBP,USD,0.78
f2c1cc10e4c3f4406be9a4eacc99f3ab,2022-05-03,GBP,USD,0.78
5fe3e1fd3b3544ebb728390f79f1a888,2022-05-04,GBP,USD,0.78
445ce63fa848a0504c83eecc8bacaae7,2022-05-05,GBP,USD,0.78
31cd97a40658a833e0a07981f0699475,2022-05-06,GBP,USD,0.78
946b918e7552c08b6df596f153002e0d,2022-05-07,GBP,USD,0.78
856d410fbfe9bfdf996472aae2fee866,2022-05-08,GBP,USD,0.78
224f85e29504edf6aebec9f61f9c8c99,2022-05-09,GBP,USD,0.78
3ec045fc1ab1d51a5d23a660262cae69,2022-05-10,GBP,USD,0.78
338fbb0ceeb9337063e664dfb727f1cf,2022-05-11,GBP,USD,0.78
4a6cd49aecfbc9684b7bfddcdd4d03ce,2022-05-12,GBP,USD,0.78
08b10654ea4501e5e2334412cdad58b6,2022-05-13,GBP,USD,0.78
65d94513ca287620ab6a5db1d399917f,2022-05-14,GBP,USD,0.78
277eb05f3b8f6d4cc7bafa5d6942d5aa,2022-05-15,GBP,USD,0.78
2c06223a726cf4ff28981b64e4fbd552,2022-05-16,GBP,USD,0.78
22d0662f12be2923f6afa0bae77f8349,2022-05-17,GBP,USD,0.78
2791bcf8dc063427b6135902a0263e2a,2022-05-18,GBP,USD,0.78
74fad8fb0151740c924d8975ae766001,2022-05-19,GBP,USD,0.78
794ba6edcc42f1ccc5ea48fc3eb51f00,2022-05-20,GBP,USD,0.78
96cad729afb359138d1d77742b90abf4,2022-05-21,GBP,USD,0.78
158e47d4c52265cc68c85c7762379c66,2022-05-22,GBP,USD,0.78
4d4ab57d2fa4e79d380ad19a59f95b9e,2022-05-23,GBP,USD,0.78
d3b2ac3efc6802cae19246d15eeedf35,2022-05-24,GBP,USD,0.78
04881be732691bd47a8892593e1c4cd3,2022-05-25,GBP,USD,0.78
e2092ed0187bdb6d8b00b19b01998f7f,2022-05-26,GBP,USD,0.78
2f95c44b33fd088af6f17f18ffcadf40,2022-05-27,GBP,USD,0.78
97a7fd5eb4f79e8d31e4333f053b8b2f,2022-05-28,GBP,USD,0.78
adecbb82f49baad3a651d33fac09de55,2022-05-29,GBP,USD,0.78
068992dcf29150856a69ee97c1476e05,2022-05-30,GBP,USD,0.78
50877fdf0c8d18a6ee725e752ee9e098,2022-05-31,GBP,USD,0.78
296380b3042f370a5d48735c3af35691,2022-06-01,GBP,USD,0.78
de80135df3e2eda1218c1bd9b4f1cf4b,2022-06-02,GBP,USD,0.78
12c418b85ffef2e17834d350b2a6124a,2022-06-03,GBP,USD,0.78
6330115f4298a5ef2cbb4fb718d53fbb,2022-06-04,GBP,USD,0.78
5ad938be749b4212e0fd219b5517f435,2022-06-05,GBP,USD,0.78
be3d9ca03ae6c160b014e5193a316b4c,2022-06-06,GBP,USD,0.78
d6911379775d38798f672d0f27aba1f7,2022-06-07,GBP,USD,0.78
385bb37230b2f8bb267f0b0259869059,2022-06-08,GBP,USD,0.78
00bca3f163ec960628022b4abf02bfbf,2022-06-09,GBP,USD,0.78
0ba6af7c8ebdb24fe4383827f1f304f1,2022-06-10,GBP,USD,0.78
b4545517e82b188ea7ae1a063f0c6c41,2022-06-11,GBP,USD,0.78
2005c6208f00218155ba5241cc531214,2022-06-12,GBP,USD,0.78
c350c2689f294e35d5254f783b75b7c5,2022-06-13,GBP,USD,0.78
e8439cb402be5074186313d2f54db49d,2022-06-14,GBP,USD,0.78
6248c70c31b75b121c14de388cc882c0,2022-06-15,GBP,USD,0.78
8cbe6817acc268c704a30e8d6cae2646,2022-06-16,GBP,USD,0.78
24c6d31107352041b0016ce5a0c66294,2022-06-17,GBP,USD,0.78
54686abf735e10d82d09d4b0c7280409,2022-06-18,GBP,USD,0.78
0b0dc133a65892b9fabd25af2b02e62d,2022-06-19,GBP,USD,0.78
9a38d875f9d1a8d9974e840b5853206b,2022-06-20,GBP,USD,0.78
8119f5662d7fa28ad8c0e0f6e39e3a17,2022-06-21,GBP,USD,0.78
14e8f63c40ca372756f41b778d856663,2022-06-22,GBP,USD,0.78
ebcf61cbe562fcb0791e62abf16ce9fd,2022-06-23,GBP,USD,0.78
904787e1037eca179c94f48602a0cb77,2022-06-24,GBP,USD,0.78
5f37bcd8626ff48036f70cb55ca3c339,2022-06-25,GBP,USD,0.78
4379d287fe73e1d6b2e400c4f2cd886d,2022-06-26,GBP,USD,0.78
8706466a0e8ccbcc0e55a16a038ff645,2022-06-27,GBP,USD,0.78
2682ac6a08385987532e75211a050dd8,2022-06-28,GBP,USD,0.78
0f0844f71bdcd6062fc226b7c5b2b8f5,2022-06-29,GBP,USD,0.78
4b5c9b5ea0ebfb9c9b04ae3046395370,2022-06-30,GBP,USD,0.78
cd78428c5b0c401616fe7f226ab3d4fe,2022-07-01,GBP,USD,0.78
28133ee93de11ca16b8d404a9743de46,2022-07-02,GBP,USD,0.78
b0e020cb064bb8a2282c6c18d322df1b,2022-07-03,GBP,USD,0.78
ee8a05ce5a3649e01c25c74b1d1e2271,2022-07-04,GBP,USD,0.78
21d4c6fcfbfe56af94adee5f85067e5f,2022-07-05,GBP,USD,0.78
820325e1b31fb5d76ac51c3fa5414c2f,2022-07-06,GBP,USD,0.78
291d0734867a3102814649e9ead5e3bb,2022-07-07,GBP,USD,0.78
bcd04d2a172c970c914dbb6ce6b378dc,2022-07-08,GBP,USD,0.78
d77d15d70e92291a8b736c77c5495ebc,2022-07-09,GBP,USD,0.78
00276a5bedf0ac862f18534cbc45d977,2022-07-10,GBP,USD,0.78
7a657ccfe5e4c2342319bbb697b0a6f2,2022-07-11,GBP,USD,0.78
3ea3df1ec3e3b9c07f03093612c2e5fe,2022-07-12,GBP,USD,0.78
f9548f3eff0a70673342fe27e26ade83,2022-07-13,GBP,USD,0.78
8acfbdcd2345382ecb8f26bcd14c798d,2022-07-14,GBP,USD,0.78
9fe759822a08d868fa8b0673bbe0b132,2022-07-15,GBP,USD,0.78
6362265c0af9b64af5d7d0f8e239403d,2022-07-16,GBP,USD,0.78
d1543ed5cf0021f51d1ca739bcca48a4,2022-07-17,GBP,USD,0.78
2e7b20a6500f1b9263a2749fbc7f73a7,2022-07-18,GBP,USD,0.78
69f3124559279c9d29c90b8f2c93cac7,2022-07-19,GBP,USD,0.78
18e513f83fe1b8030b1df883aa9f9bde,2022-07-20,GBP,USD,0.78
7d1a5881945d4c1b897253727f11a151,2022-07-21,GBP,USD,0.78
ecb056e0ca7a4ec9e292a1f62fa9e0d5,2022-07-22,GBP,USD,0.78
06a7e80e34731890ebd2f242b00554a9,2022-07-23,GBP,USD,0.78
9c4549f791217499b1daf5accf59b253,2022-07-24,GBP,USD,0.78
2365c25a6fb65aacfa641f152eb78796,2022-07-25,GBP,USD,0.78
e48065492cbac8846d0d346587e15360,2022-07-26,GBP,USD,0.78
273f44100d63f603defdd7186152ec5b,2022-07-27,GBP,USD,0.78
ec0d0a22267ddd40a9229a1130ed7e78,2022-07-28,GBP,USD,0.78
dc3c54ff8c9cbbe1cf87c4afc628a72d,2022-07-29,GBP,USD,0.78
1bce9ef7c4cdc21e9aa6908c5a37c63c,2022-07-30,GBP,USD,0.78
5046b66cab1a693977988853678cfda8,2022-07-31,GBP,USD,0.78
3d226f09afcc95cd6e9b7fb66909c75f,2022-08-01,GBP,USD,0.78
370e1cd4738aefdcb737c5cf9f857513,2022-08-02,GBP,USD,0.78
6596e46bfb14b9fc40673ca6890840ee,2022-08-03,GBP,USD,0.78
2c9118157a483fe9791b395a386e5f0f,2022-08-04,GBP,USD,0.78
685ee07833bbed3440470ba999c3d38d,2022-08-05,GBP,USD,0.78
87b5a391b1ee402b318ef32224aac76b,2022-08-06,GBP,USD,0.78
beb5fbce4763f67c84b8766580f39b5a,2022-08-07,GBP,USD,0.78
77d9cc479e75ce448090f95fc8ac6d9a,2022-08-08,GBP,USD,0.78
904807c70ea357e5355ed1a3fbddc4be,2022-08-09,GBP,USD,0.78
42a16cb2c1513d35b68a60fb51acb19b,2022-08-10,GBP,USD,0.78
ab11e1e9324663689640a222b4d81821,2022-08-11,GBP,USD,0.78
91c46cbc36d4e7f43079e64c0c97b645,2022-08-12,GBP,USD,0.78
9ed5f81c319467b4723d6ad4413cc30c,2022-08-13,GBP,USD,0.78
401a45e728832f9563ab548477031be5,2022-08-14,GBP,USD,0.78
47c8fcc826788c2db0601c67ab021170,2022-08-15,GBP,USD,0.78
462c07bebf333f0610bc3ddd97961f56,2022-08-16,GBP,USD,0.78
9f0e813912aa7823e05d629e588999a6,2022-08-17,GBP,USD,0.78
3aaa99316a186172bcedf3a8b2b4cee6,2022-08-18,GBP,USD,0.78
e5af7349b03d132d924a38e56a50be71,2022-08-19,GBP,USD,0.78
7515dadc00f38ee01320ef2fa9402fe3,2022-08-20,GBP,USD,0.78
cc4566214b3fad6a1b34afc7cc5f3dfb,2022-08-21,GBP,USD,0.78
72f940919693ec49a5b1ddd158c02784,2022-08-22,GBP,USD,0.78
2acb08b423d644d2b114a2eadfad113a,2022-08-23,GBP,USD,0.78
28025103eb1313573f47b4d3393902dc,2022-08-24,GBP,USD,0.78
1aeeec6855ae6b8dfc2f8687bc1d190c,2022-08-25,GBP,USD,0.78
f88cd33c6703585e7b2c48bdba889740,2022-08-26,GBP,USD,0.78
86ff10974a4604ce831b015ced6c2f9e,2022-08-27,GBP,USD,0.78
45e720d96847aa8923d3a03d768adfea,2022-08-28,GBP,USD,0.78
102816d179d5780676fc35e38d202424,2022-08-29,GBP,USD,0.78
e8f3859322900be377cbb49da85872df,2022-08-30,GBP,USD,0.78
0b44441d42bf5a1c01df311a0d3c1a88,2022-08-31,GBP,USD,0.78
2c186d2994cea9e6f2b3048580d25c08,2022-09-01,GBP,USD,0.78
e3a2a6cfcdb16692b5b833929098c6f7,2022-09-02,GBP,USD,0.78
785c524979484f46da855fce12245147,2022-09-03,GBP,USD,0.78
1b9257e2924771b2c64acb8f2ba461b3,2022-09-04,GBP,USD,0.78
7df0d9a4e7f78a70afc51efc15b4bf8b,2022-09-05,GBP,USD,0.78
f3b6ac24b585a2f6af36ccef00b1aca2,2022-09-06,GBP,USD,0.78
894c26a7a22a6c46da9886a1ca7b63f6,2022-09-07,GBP,USD,0.78
ad371c203dac90006404f33cc850ea25,2022-09-08,GBP,USD,0.78
e0b0e4a34fbae415e3091841a57e0300,2022-09-09,GBP,USD,0.78
e43420c7e924142c606a975fa7eccc69,2022-09-10,GBP,USD,0.78
3b6831afb95f02d951df7e2ab23809ac,2022-09-11,GBP,USD,0.78
3c00f934470eab4b2a6c275d2b11b799,2022-09-12,GBP,USD,0.78
4752b748fd6e597b5c410e48826b6a5c,2022-09-13,GBP,USD,0.78
2a61f8e10325be0f5f3cdf5964c9800c,2022-09-14,GBP,USD,0.78
fa934b665d01947e8dda1391800fe920,2022-09-15,GBP,USD,0.78
01631f254319c11d7138d64c703f8813,2022-09-16,GBP,USD,0.78
336c8e7829e676c4f4db49b7523a8ef2,2022-09-17,GBP,USD,0.78
fb4b2a06f47fe3377b56d01f4397a994,2022-09-18,GBP,USD,0.78
4b642fa373f36a66a51d03b7af0df6cb,2022-09-19,GBP,USD,0.78
5003e6e7672a56ef7cc78540dbbd3ad9,2022-09-20,GBP,USD,0.78
ecf496a68b36a2f9e328dd3fd7e1c971,2022-09-21,GBP,USD,0.78
c0bc97ba5ac9ce40b4a28d36d4509d1d,2022-09-22,GBP,USD,0.78
c9c5697d795d52eebefec40346173d19,2022-09-23,GBP,USD,0.78
d13850788411c85902c8693fea9a01be,2022-09-24,GBP,USD,0.78
ac9c3c1f6a432780cefcb28c4ae3f715,2022-09-25,GBP,USD,0.78
9cd55ad9c30d289ae8166a78991e0f10,2022-09-26,GBP,USD,0.78
1c7f6125c21a04a4b670a1987323c5e4,2022-09-27,GBP,USD,0.78
64f6b7417c49abdbd3d21e50d6cc4012,2022-09-28,GBP,USD,0.78
afc2aa8e4795af9d923e5ded1db36dbf,2022-09-29,GBP,USD,0.78
9f2f7203524ab0b7c67b02b69132a7da,2022-09-30,GBP,USD,0.78
ff7fff6f27cdf540dacd984a79ee47b3,2022-10-01,GBP,USD,0.78
cffe5b6903078cb20cbfd60c44094b9c,2022-10-02,GBP,USD,0.78
f4d1e4b03036f0a3287c69073c65932a,2022-10-03,GBP,USD,0.78
96b688f7eef564a9ebf13d6d8f2769ae,2022-10-04,GBP,USD,0.78
65a7d28123f7a059b9571f2ccec45b84,2022-10-05,GBP,USD,0.78
179415fb16bd15d6629b707f7482e2f3,2022-10-06,GBP,USD,0.78
88ff449e0a2cfde60a35f8e7387f4fe8,2022-10-07,GBP,USD,0.78
f77bf4d956ccc0bea315797c5df75440,2022-10-08,GBP,USD,0.78
1329cf7d01f013964dfd6d240b55e3f5,2022-10-09,GBP,USD,0.78
3dfa3259c17def4182e98c7305b1dac2,2022-10-10,GBP,USD,0.78
4653c1edefe6d4198270c9c3ce84423e,2022-10-11,GBP,USD,0.78
8513159f16a7209da3e9e2ff3395990c,2022-10-12,GBP,USD,0.78
d7394a7b512d36abe9549229aabc2515,2022-10-13,GBP,USD,0.78
86aa92668350f44dc0bac0a72f4de013,2022-10-14,GBP,USD,0.78
e034be0e6064cf1913516a825d12ebd7,2022-10-15,GBP,USD,0.78
e17ae7fb6806b9b3cc8b187350351d8f,2022-10-16,GBP,USD,0.78
3097d3b3193b2fedee1dfdb5543d6018,2022-10-17,GBP,USD,0.78
7e6c5c0a164e5eb21def5a248883dd13,2022-10-18,GBP,USD,0.78
85b55a53ca2356a8a31f0d3b3a352e6e,2022-10-19,GBP,USD,0.78
3bff0b696f09a73a8d2912a2542d1586,2022-10-20,GBP,USD,0.78
f26eff1d3b23419c7c7afc46d4ab26a8,2022-10-21,GBP,USD,0.78
5d23bba636137951457662d9aff6af8e,2022-10-22,GBP,USD,0.78
8c1d93a488218febedfa0f8ad7594a6d,2022-10-23,GBP,USD,0.78
d615bb6e0a97fda46122cd0421f0c7b7,2022-10-24,GBP,USD,0.78
765908752e18aafc3b06f6576d3466bc,2022-10-25,GBP,USD,0.78
edf9458ad7fb1b5e8b37cfb44e91090d,2022-10-26,GBP,USD,0.78
8cea6ae9cde091309aa7ff439f5d577f,2022-10-27,GBP,USD,0.78
cf4e20c27ed51614222acf01f0e7dbf2,2022-10-28,GBP,USD,0.78
e4fc018f0b0797a7747d6c4ea6601eec,2022-10-29,GBP,USD,0.78
d602a264b2f10095d67f55052e7819c2,2022-10-30,GBP,USD,0.78
8e0c8736f6be343c47268e51e8affba9,2022-10-31,GBP,USD,0.78
5e090d537d74b0ad1a7ed4dc3af2f40d,2022-11-01,GBP,USD,0.78
4f44bfcc300cd561bfc99911369aae7c,2022-11-02,GBP,USD,0.78
e3e3ae5ec8bc5ecab69c63bb2aebbacb,2022-11-03,GBP,USD,0.78
4301398da2d685ed9394a132e85aaaa5,2022-11-04,GBP,USD,0.78
9a0e5d2addc42cdfa5f58fe15fb5d35a,2022-11-05,GBP,USD,0.78
779a734636b90b353250f71ad4a03f60,2022-11-06,GBP,USD,0.78
7d25aee860dca03ad14656eb70cebf73,2022-11-07,GBP,USD,0.78
7a0fdda01c428ad5b534e1146ea498db,2022-11-08,GBP,USD,0.78
2bd233701b9578d1c6457cbe1a432daf,2022-11-09,GBP,USD,0.78
2e470a65655628b95b823444d569a4a0,2022-11-10,GBP,USD,0.78
a4ba77855130a3b438b1c772b1fd0af9,2022-11-11,GBP,USD,0.78
38c468fbda100a9bff649133650a4157,2022-11-12,GBP,USD,0.78
e7c7e451c98a2786f3f85bcfad0f7f23,2022-11-13,GBP,USD,0.78
accecf500a36a6511005a6ce78dd8de5,2022-11-14,GBP,USD,0.78
54d0475557c861bfefae4c0010c05da1,2022-11-15,GBP,USD,0.78
3dd803881f0fa6635068c70ccdc504c5,2022-11-16,GBP,USD,0.78
53ef8cb0602f530f607b8f7f5edbe411,2022-11-17,GBP,USD,0.78
6ff1e66e7e7ce68a2d0647c4743867cb,2022-11-18,GBP,USD,0.78
6e3728c659769aa9e640bf1ba27c1d6e,2022-11-19,GBP,USD,0.78
ea17b29573d0ae0ade1ab5cbc8e0e634,2022-11-20,GBP,USD,0.78
b9f9e5040bf29675469316667cd7736e,2022-11-21,GBP,USD,0.78
6e842416d8d71f6b241d6ea76dcbcd61,2022-11-22,GBP,USD,0.78
747d9f017e1eddea249e795c09b7e771,2022-11-23,GBP,USD,0.78
01fbb24abaf5d67768023c5a60f3faad,2022-11-24,GBP,USD,0.78
7b00d17e2bdc86758d4422e75d7bbbd6,2022-11-25,GBP,USD,0.78
7a7dc5e5288d185ebadaccea81993f69,2022-11-26,GBP,USD,0.78
2e5663e8b9d07a4fbf4726acb588ae76,2022-11-27,GBP,USD,0.78
afffde68eba083ee07a771039eae9ef1,2022-11-28,GBP,USD,0.78
e22930c44f9e7271ed34a58cb7fc899c,2022-11-29,GBP,USD,0.78
272f8475f79bce321cff8c43974bbcaf,2022-11-30,GBP,USD,0.78
84eac4fdee13aa31c7433a7c905f0d21,2022-12-01,GBP,USD,0.78
33fe0aa2aac1db2ab09c1dd92cfd1621,2022-12-02,GBP,USD,0.78
474893a8bdf20f17695815f9ff9f04d0,2022-12-03,GBP,USD,0.78
53a1a6b02213779eec388deb112727be,2022-12-04,GBP,USD,0.78
17bc0c6f507296d66fe57293a017593a,2022-12-05,GBP,USD,0.78
1537a7a5aaced8e35683c21ebd95a8d1,2022-12-06,GBP,USD,0.78
3b75b5415a13c3f10972f213db64f930,2022-12-07,GBP,USD,0.78
734301426eb0721369120d5b08e01dd6,2022-12-08,GBP,USD,0.78
b8730a009d7baf103732bdbc8d3858bb,2022-12-09,GBP,USD,0.78
48eaa10c703413da5bc4be9eaa4e0f1c,2022-12-10,GBP,USD,0.78
b70f1eb70bfeae6da12c6f38c4a36522,2022-12-11,GBP,USD,0.78
e259e8be147cffba0f48d3a6cfdfa22d,2022-12-12,GBP,USD,0.78
5c8b2e9e25f1e3742647e7cb78a03085,2022-12-13,GBP,USD,0.78
cde2e777cafb0eeb0e4cfa855d64a396,2022-12-14,GBP,USD,0.78
cf24a44074761e03b8d54908fdbbd0fb,2022-12-15,GBP,USD,0.78
40cf7de3b14da7e0f3b04874f96fe602,2022-12-16,GBP,USD,0.78
3d0a993152d9903a76878e86900b9eb3,2022-12-17,GBP,USD,0.78
73974b8556950f23b573cac2c1c900a8,2022-12-18,GBP,USD,0.78
af0e3613d75a398dc44e6a479da77ece,2022-12-19,GBP,USD,0.78
524f58ffa8c7c93bbbc281bbbed0dae7,2022-12-20,GBP,USD,0.78
fe5ffc017eb8822f1275014466c7de1b,2022-12-21,GBP,USD,0.78
ee407eb69ce9af80d9f34117a07d1584,2022-12-22,GBP,USD,0.78
d0b00690adcde70dd6c8579a1efe0dbf,2022-12-23,GBP,USD,0.78
11bccf43786fad7bd29fd9cd7a8053f2,2022-12-24,GBP,USD,0.78
f5fd2c2f790a5e1d7471ae0acaaa9bca,2022-12-25,GBP,USD,0.78
1c6ee1f6572387e56566b96712ccd6c4,2022-12-26,GBP,USD,0.78
60167fb4cd4adf8b6e6f392c49f711d5,2022-12-27,GBP,USD,0.78
b3686133d0d64545641b963995fb9150,2022-12-28,GBP,USD,0.78
dff8e11660e8a3c8dfba2404eb80e658,2022-12-29,GBP,USD,0.78
18d8b6f51e68b6439fa01500be3095eb,2022-12-30,GBP,USD,0.78
06fe89fb79c8546a02b5bafda376376d,2022-12-31,GBP,USD,0.78
84d7cd9b7112fa395d58c29da1189cb0,2023-01-01,GBP,USD,0.78
82a2d8ddb301d54c74b5bd67b2c54982,2023-01-02,GBP,USD,0.78
35d7f78fbe87a3c4b15d590ec07395dc,2023-01-03,GBP,USD,0.78
a97b471ae6e9ea12dcd5a522e9cf2529,2023-01-04,GBP,USD,0.78
6853ba55b8ae24b2d679ef312f3a6442,2023-01-05,GBP,USD,0.78
2ef4915858ad95333415627c69b465f1,2023-01-06,GBP,USD,0.78
75fe2286e33f248c08bf39b5120c210e,2023-01-07,GBP,USD,0.78
9895ceb10142120dec188488b3b33d6b,2023-01-08,GBP,USD,0.78
26279bc314979b5b4c58f3b5fe1e2259,2023-01-09,GBP,USD,0.78
f2bfb9a7450380417cab51e065dd835b,2023-01-10,GBP,USD,0.78
f39a0c462334fd69f931a045f9b8bfd2,2023-01-11,GBP,USD,0.78
4b9bcfe11ff780382e2f2a955dfa1eed,2023-01-12,GBP,USD,0.78
1f1d4ce11f473a3be65f752a2a86223c,2023-01-13,GBP,USD,0.78
8202b47526c2f2acf1deefb81c2925ce,2023-01-14,GBP,USD,0.78
d49598a5b833b17c9684c7fe02d2fa3d,2023-01-15,GBP,USD,0.78
17b86a44a4d576fb854b2b47d0a00957,2023-01-16,GBP,USD,0.78
9c524546dffbb9b4eb24cc9fb925a3d0,2023-01-17,GBP,USD,0.78
2b575f2b61ea787420d55c6ed91a3fd7,2023-01-18,GBP,USD,0.78
35ff8475a072cf6557b92a893da08d1c,2023-01-19,GBP,USD,0.78
e2c4e3a1ad59b007b24655d3ad1737a4,2023-01-20,GBP,USD,0.78
6ed4e87cbc2a763f5e0386449756285f,2023-01-21,GBP,USD,0.78
aa729ef424ca6612d0f802b1a58cb322,2023-01-22,GBP,USD,0.78
86bc025d4da81c4bf5f02997b1b3b551,2023-01-23,GBP,USD,0.78
262204dad09fa9de5d19236843cc9676,2023-01-24,GBP,USD,0.78
ff0f09ce898dcf79f76fb200ff7d3e47,2023-01-25,GBP,USD,0.78
af7ce8b263d859da650fa566c82fe25f,2023-01-26,GBP,USD,0.78
007b7454cb60ca31dc86ce8350c4ac74,2023-01-27,GBP,USD,0.78
3059194e361ef945716923505f14bbda,2023-01-28,GBP,USD,0.78
8a9cbeaa62efe1870c87748640d911ef,2023-01-29,GBP,USD,0.78
22b4d77a023944b9babab3070a7da4b1,2023-01-30,GBP,USD,0.78
4514e856835af481849cbc34bef50d87,2023-01-31,GBP,USD,0.78
cd86c5ba2001bd90814f072527da7cce,2023-02-01,GBP,USD,0.78
cc8f56a4ece92d7ba7083e323f0a6432,2023-02-02,GBP,USD,0.78
ee48ba6d0648da9f03caa2d54783e67a,2023-02-03,GBP,USD,0.78
cb2f54a9d2daf26f2cffeaa6f0e2d8a4,2023-02-04,GBP,USD,0.78
98f15f29eb2b1bdada87cc0f29ee1811,2023-02-05,GBP,USD,0.78
6bbf4f9e2274ee7f2aef857eebfa5caf,2023-02-06,GBP,USD,0.78
354ea101fa2f31d60dce04f6197aac48,2023-02-07,GBP,USD,0.78
d0aec0453b4a352dfd8605b66f0a5048,2023-02-08,GBP,USD,0.78
d3e1cf4952dcfbef8570c811b3e6d09b,2023-02-09,GBP,USD,0.78
d58b114e1a273da35fc87bcc4e34a724,2023-02-10,GBP,USD,0.78
5cfadeda517a0977169fecc4b0c65f95,2023-02-11,GBP,USD,0.78
dd6a72a43e1ca5547046f40ea767443a,2023-02-12,GBP,USD,0.78
0bcc661d38957157f4252ff0f73bf49e,2023-02-13,GBP,USD,0.78
5744becb503b4076accd28760463777a,2023-02-14,GBP,USD,0.78
92b9279ff130739c5145d4b847fbbcde,2023-02-15,GBP,USD,0.78
81dab2abc0b1865ef636b300d6621f12,2023-02-16,GBP,USD,0.78
02ce0b34b67c43ac513122700876acbf,2023-02-17,GBP,USD,0.78
de8f8dc1fb04982702588076a043a04f,2023-02-18,GBP,USD,0.78
f3c74879bae29995d47ef06ca6ac495e,2023-02-19,GBP,USD,0.78
f01148165bda6ad167edec8cfdfbf428,2023-02-20,GBP,USD,0.78
0ff321a0bc3b3041853018de07c3fa9e,2023-02-21,GBP,USD,0.78
0e6cdd671be3541f3e436630e6a7df84,2023-02-22,GBP,USD,0.78
862ba67d4b95893b3bb259468126eb26,2023-02-23,GBP,USD,0.78
27de7803812abca432335afc90be4138,2023-02-24,GBP,USD,0.78
9ccc79d73adfc5ef1931dca0f6d954c4,2023-02-25,GBP,USD,0.78
fbbf58608f51d76ca746fbed864e5994,2023-02-26,GBP,USD,0.78
2847f598a053fed12d1dfdb007da3717,2023-02-27,GBP,USD,0.78
9e0892864b56259ca75cfd4de914a3ab,2023-02-28,GBP,USD,0.78
2d4e9aaaa0f323e5d4c91560c7a2e56d,2023-03-01,GBP,USD,0.78
1d28f2da85d2b9199204948eeda586e6,2023-03-02,GBP,USD,0.78
5a0bfebc4feb5ba8f53b554869808eb4,2023-03-03,GBP,USD,0.78
4645098d4a68334708b3b1fa9041991c,2023-03-04,GBP,USD,0.78
8ba09c8422a214c95252713375c61ac5,2023-03-05,GBP,USD,0.78
9443643f52ace657b89e615dab85bd47,2023-03-06,GBP,USD,0.78
67f2b51fb71be4a2841ace25dbc144cb,2023-03-07,GBP,USD,0.78
422e9457845b1914cda28e4b32002801,2023-03-08,GBP,USD,0.78
afdd50ae8cbd1371ab0aa02d541ae871,2023-03-09,GBP,USD,0.78
8f92c34f903bc19ca9ed32017b3816ad,2023-03-10,GBP,USD,0.78
b9523cffc3d7205623c5c09ba586052b,2023-03-11,GBP,USD,0.78
72b4149cb2bd631d228ad993ef2ed95a,2023-03-12,GBP,USD,0.78
081910d4adb51e4e2985a0f41f9a043d,2023-03-13,GBP,USD,0.78
81d0efc380137863d9305758f9d87778,2023-03-14,GBP,USD,0.78
a7419262f64202c3ff0ecc49a7664279,2023-03-15,GBP,USD,0.78
4c887900936526c9a2a1a547a93d3496,2023-03-16,GBP,USD,0.78
9a41f4e054e2b78636b406214a1122d5,2023-03-17,GBP,USD,0.78
9aae4e71aa2f1c62facfd52000dad92a,2023-03-18,GBP,USD,0.78
328d9f1296a86ac483f26e80d00ef94a,2023-03-19,GBP,USD,0.78
a36b77d30c7d65b828dfd3288c7c1e95,2023-03-20,GBP,USD,0.78
d3db7c538a0a3cf6b1ab4d258a6e93ac,2023-03-21,GBP,USD,0.78
3ac251086da9c04b99b3012b90e7ead5,2023-03-22,GBP,USD,0.78
8706f5d0b7afde971e8a729383edb289,2023-03-23,GBP,USD,0.78
25e2505d0575ac7ca2de299541132bdf,2023-03-24,GBP,USD,0.78
0f983c63d85b1e9c88340a7ab02f667e,2023-03-25,GBP,USD,0.78
34745f56f4417dc178a077ddcce29ba2,2023-03-26,GBP,USD,0.78
a66cbddbcd34f4b59291958ae9cbea45,2023-03-27,GBP,USD,0.78
e834a89d17fe44cb4ec1a73e846482cd,2023-03-28,GBP,USD,0.78
e6a210532d4f628b7732b71394fd38d2,2023-03-29,GBP,USD,0.78
01f93f72960e60445fa3595611a32872,2023-03-30,GBP,USD,0.78
ae8a1134206ba2fc5358f9e46c774e1e,2023-03-31,GBP,USD,0.78
fbe522c62e0b61db9b351d87ae42470f,2023-04-01,GBP,USD,0.78
4e5065473a85162906b357c35a8b1363,2023-04-02,GBP,USD,0.78
c9d368daf7c8f5d7e9ae48d5d9c44594,2023-04-03,GBP,USD,0.78
fa1169a876ac6c085ac67e39ed993a9c,2023-04-04,GBP,USD,0.78
f36782f443b1db5a03d7ee585ee64c63,2023-04-05,GBP,USD,0.78
036ac0acef275a009d8773a1929bc5ed,2023-04-06,GBP,USD,0.78
d5b9f03c5390cd7e036057ccd48f9615,2023-04-07,GBP,USD,0.78
9e2f2a3fe478423c5ff606881e570319,2023-04-08,GBP,USD,0.78
054b3f4fada1d72cb47f3aa782be600b,2023-04-09,GBP,USD,0.78
b21bdb8b4e525c3e51252142fa65aba2,2023-04-10,GBP,USD,0.78
ddf9f5b6bffec2c2d166473f37a51d96,2023-04-11,GBP,USD,0.78
a469c7c9b1d05437d8fc95b58be88ee3,2023-04-12,GBP,USD,0.78
76e410743cb4727434a797271d56af7d,2023-04-13,GBP,USD,0.78
68b91142b35b760ad256dcc0372f7d76,2023-04-14,GBP,USD,0.78
835ce23e0d71814f0070ce2a39411153,2023-04-15,GBP,USD,0.78
f4daffe21beefe441ea06ba246c5ac06,2023-04-16,GBP,USD,0.78
b06510183ea9253a4fd4af67eb966f29,2023-04-17,GBP,USD,0.78
cdce608a11a0adfe715aa50e9c3b0480,2023-04-18,GBP,USD,0.78
b3c88844872df986411fb297fa1f2eb0,2023-04-19,GBP,USD,0.78
a8ea78bf483e81aa8ffc6a133694490f,2023-04-20,GBP,USD,0.78
6740f1bbf3a3b8688cdb0716da8ebc4f,2023-04-21,GBP,USD,0.78
81383855066af9105fe1fae0e9e3a304,2023-04-22,GBP,USD,0.78
465eba15cd5bd13d62d1790788bfa16d,2023-04-23,GBP,USD,0.78
4726a2fd790ab002d6ad9773d5dd7e0a,2023-04-24,GBP,USD,0.78
c5b359c9d7b5b45f99e69f52df87c7f1,2023-04-25,GBP,USD,0.78
d86326e8a1174f2163f2f465b7a8a0f5,2023-04-26,GBP,USD,0.78
751f8e0a877f7ec572823a82b293c617,2023-04-27,GBP,USD,0.78
36cfe85c72e3b0ca640b1c235b44610b,2023-04-28,GBP,USD,0.78
addc1d539368043c1564cc54f97de10f,2023-04-29,GBP,USD,0.78
36ba9468c39e159417f08b54d45bfe10,2023-04-30,GBP,USD,0.78
5ffeabeb3bec807fea1954e980844dcb,2023-05-01,GBP,USD,0.78
a9933bac5dba3db3add914c1e3d0d7ec,2023-05-02,GBP,USD,0.78
2bb85d92c8729d70339cb5182876ee88,2023-05-03,GBP,USD,0.78
5fdec19e1e96539cf52097f8f8367ee8,2023-05-04,GBP,USD,0.78
fb4e651635554a46e9f3b852ece1fe9c,2023-05-05,GBP,USD,0.78
50fe1032ca2625ebbea50001665fe238,2023-05-06,GBP,USD,0.78
b20d4a8d8061239c35c6577c75c125a1,2023-05-07,GBP,USD,0.78
f4d936eb2e7a96a529b685f787cbb0c5,2023-05-08,GBP,USD,0.78
d80af6e07f3fa6dad348610bee1ce588,2023-05-09,GBP,USD,0.78
1468ee13c0770e0e21e029d47fcf0835,2023-05-10,GBP,USD,0.78
5b7af4dfc210d90535f0b016e3afca39,2023-05-11,GBP,USD,0.78
e52e1a35eae3074b4f047f3c9aa0a485,2023-05-12,GBP,USD,0.78
f70094b49c7bcdf324ece1c3f1480a66,2023-05-13,GBP,USD,0.78
3c4dbb774943981bf80fe0a2adeea011,2023-05-14,GBP,USD,0.78
32c29f186d9977ff6bea5714036121d4,2023-05-15,GBP,USD,0.78
841bc897f591557548feefedc4819f03,2023-05-16,GBP,USD,0.78
54aeb6724c102109d04c1eed97dc53e1,2023-05-17,GBP,USD,0.78
0ab84538bfa50087abc2443effc029f8,2023-05-18,GBP,USD,0.78
b2746ba6b3aaf91ce83f301b67337c26,2023-05-19,GBP,USD,0.78
59f910cafbdc2248787818b116cce79a,2023-05-20,GBP,USD,0.78
5c950ba2a273a376bb2ac9f17ed97f21,2023-05-21,GBP,USD,0.78
c133e927f2c6a52e394b4723e8fcfdac,2023-05-22,GBP,USD,0.78
05b36a43a1373267cb1047cbf83e4f1d,2023-05-23,GBP,USD,0.78
29c6d20bca4ae03319620ecb96333b1d,2023-05-24,GBP,USD,0.78
3525b41313fb62f990d3124874d2538f,2023-05-25,GBP,USD,0.78
b7947a82bc098fc9d7751487a6d11701,2023-05-26,GBP,USD,0.78
3ab54594a92ec4323090d920b87a3515,2023-05-27,GBP,USD,0.78
e8c3d9f4d2ecdbc59fed4dba19ec52f9,2023-05-28,GBP,USD,0.78
bbb3a0db437d03b9e89b0abcdcfb8176,2023-05-29,GBP,USD,0.78
28a6b5381331fbb920739a1bb4f01e69,2023-05-30,GBP,USD,0.78
b557c4d1a4eadda4767cfd88643fca2f,2023-05-31,GBP,USD,0.78
554d0433df204f93d388f1f92e700d5f,2023-06-01,GBP,USD,0.78
8337bddef549bbb56031b807cf5264e6,2023-06-02,GBP,USD,0.78
0c1fe4c7c42756ad8cd490050789862e,2023-06-03,GBP,USD,0.78
1535324a75db87ecf4747b78a1d43eb4,2023-06-04,GBP,USD,0.78
9948fada65f42e7fef706c153717ae15,2023-06-05,GBP,USD,0.78
76d0b52183a2b2aa0c6e74e80f38a4f6,2023-06-06,GBP,USD,0.78
d6e92ab78a0181c31284fb1644354d75,2023-06-07,GBP,USD,0.78
7ac2b9860875b52e5d4c8793084b10df,2023-06-08,GBP,USD,0.78
1f0f23961c465563dc506d0a09a7cbd3,2023-06-09,GBP,USD,0.78
0a0ca5bdaa9fd67d1ae5bea353eff323,2023-06-10,GBP,USD,0.78
25eb41844edee8350ba4323bbb16008a,2023-06-11,GBP,USD,0.78
5aadeca233b24f110ff4b053ee34c39f,2023-06-12,GBP,USD,0.78
6cd47af22fb2207d6d88953abbaa122a,2023-06-13,GBP,USD,0.78
9604640548f141e3064e7cf6071c693f,2023-06-14,GBP,USD,0.78
1821de2f94c9c254f6f540fb3927ab0b,2023-06-15,GBP,USD,0.78
a1e1ef37c8ec3839c29b65931676d1ff,2023-06-16,GBP,USD,0.78
eea570fe7a56d4fa84761b6a9ff26ba0,2023-06-17,GBP,USD,0.78
19181caa8a148441be416de5da56b9e0,2023-06-18,GBP,USD,0.78
93438892da8039488c7e46dbf8881a40,2023-06-19,GBP,USD,0.78
6eae455a3177965563b0534e2ed28eca,2023-06-20,GBP,USD,0.78
2f98d337e538895f7a3d13a18af61ddf,2023-06-21,GBP,USD,0.78
08d0a3c2a4f51af1be9e1952beff28af,2023-06-22,GBP,USD,0.78
db5b31479554669aef0f30895d9085e5,2023-06-23,GBP,USD,0.78
2e0afb8099c41d33df5039ed56b245c7,2023-06-24,GBP,USD,0.78
075f55abe9fd4b042fd11044c4431fd6,2023-06-25,GBP,USD,0.78
929bbf47437db1670cb06bb025200813,2023-06-26,GBP,USD,0.78
3fd517d223bc6b1ba1991d77df1f4b51,2023-06-27,GBP,USD,0.78
7f2d4d556f50e480966dade942de5641,2023-06-28,GBP,USD,0.78
854c4f60549732316cc9f3249e2b3fb1,2023-06-29,GBP,USD,0.78
342b845888ceaab5c124463591da22c7,2023-06-30,GBP,USD,0.78
cce6c7a9ec5ab996a1442f16a8296741,2023-07-01,GBP,USD,0.78
81b98b55f679e2e548cfb17ef02f9068,2023-07-02,GBP,USD,0.78
f42bdf77d21e0e21be2ffad47f539d6d,2023-07-03,GBP,USD,0.78
f774303d797450fbb01b1cefd1cdfd26,2023-07-04,GBP,USD,0.78
8048d6bb84671cda599d419209d246e2,2023-07-05,GBP,USD,0.78
1872e4123e175dce734bdf0e2003f57b,2023-07-06,GBP,USD,0.78
6fd17d20b14300ab683105c39170e048,2023-07-07,GBP,USD,0.78
a99276edbd54c2c04141476285e04401,2023-07-08,GBP,USD,0.78
e54ca9881f3c0f5f3db42db3c1c72af8,2023-07-09,GBP,USD,0.78
52387b88e975fe6c28ff2867c98178ec,2023-07-10,GBP,USD,0.78
66b78c53930109dc758747c3f40dfc8d,2023-07-11,GBP,USD,0.78
62f5e1a6f26aca2daa2221f6f306aa28,2023-07-12,GBP,USD,0.78
a8a27b03055dc48d034d199b3b110ab7,2023-07-13,GBP,USD,0.78
f5f9f4eaf0b98be86c759927b1ea50b7,2023-07-14,GBP,USD,0.78
fa4b8b09ba5f5eb0914c4ead59f69e53,2023-07-15,GBP,USD,0.78
9525f75f6cbc9be3ccf02b851784f9c6,2023-07-16,GBP,USD,0.78
d71880c2255047ff72f9750b061da4d6,2023-07-17,GBP,USD,0.78
257fb361980db99ce15e89240328083f,2023-07-18,GBP,USD,0.78
45baf61846274db451e3b71d90e85217,2023-07-19,GBP,USD,0.78
91d36d24a8a1b9b1c9e760bb7eb4287f,2023-07-20,GBP,USD,0.78
88491e1d6c82d7576988bfb2d405ca68,2023-07-21,GBP,USD,0.78
3ecbe37a3c838effe67fb6ec53c2b373,2023-07-22,GBP,USD,0.78
3cac2ade6e2b38e7a127d10b17a9055c,2023-07-23,GBP,USD,0.78
2b817c408566be144abf135a774527a7,2023-07-24,GBP,USD,0.78
7bdcfdfe12158548ef83ce1d4ea8b286,2023-07-25,GBP,USD,0.78
3e2a6763b305a5dabf0684dc30038ff7,2023-07-26,GBP,USD,0.78
765e1886700127bd4971b76b54c03aa9,2023-07-27,GBP,USD,0.78
8c449cbc7865e750d150ce78674fc64c,2023-07-28,GBP,USD,0.78
b1d374766b7278c62002aede522b79a7,2023-07-29,GBP,USD,0.78
fe5d39131357c49c2c0515e2101ef90d,2023-07-30,GBP,USD,0.78
cb84f62ddc9489fec062fcc0c98ceee5,2023-07-31,GBP,USD,0.78
ab3bbe7c6cfceb0b9cf58d281de3b9c5,2023-08-01,GBP,USD,0.78
2b86840804276cbe2f247da78690702d,2023-08-02,GBP,USD,0.78
865dc11df68d276447fc8d226527a18d,2023-08-03,GBP,USD,0.78
bce64cb38b9952e4e8a6dffac90476e1,2023-08-04,GBP,USD,0.78
e8f6add526653294b298473e3207dac1,2023-08-05,GBP,USD,0.78
4cb5ee2f27fd0cd4577476dfc47ccfd1,2023-08-06,GBP,USD,0.78
b2643d4ab31b2273499798222c4485a9,2023-08-07,GBP,USD,0.78
401c108412df210b8dc6faec4d8f046c,2023-08-08,GBP,USD,0.78
225e5f24a54d66e47de943f855704cce,2023-08-09,GBP,USD,0.78
f96e7379287a8b020dd444e063e4182b,2023-08-10,GBP,USD,0.78
4d84dc9980eec510990c4f2183b817c9,2023-08-11,GBP,USD,0.78
479aad582f2fc798063b56f1e892eb7c,2023-08-12,GBP,USD,0.78
348f86a44fea195a53188ada555d2110,2023-08-13,GBP,USD,0.78
4ffc0d5dcb6aa60524c3d41d592c930c,2023-08-14,GBP,USD,0.78
d59eb54ec015a66b3ac5882420d79a22,2023-08-15,GBP,USD,0.78
d97b59807149ddceb3bfe81b5f67d7d8,2023-08-16,GBP,USD,0.78
e9e437470036aea6d5cc1e6e4c19e4f0,2023-08-17,GBP,USD,0.78
8593e19f96390d9e8edf7d0101464925,2023-08-18,GBP,USD,0.78
fb635fc2d415e034a3951b62e8b7cd03,2023-08-19,GBP,USD,0.78
f747bcfd1501ef5e0bd3348c610f1eed,2023-08-20,GBP,USD,0.78
232d2847cfb9e2a04f6d2ef9c112bef5,2023-08-21,GBP,USD,0.78
ceb521fa30ff573d6c7e20984eed30f3,2023-08-22,GBP,USD,0.78
d1a5536b9d6b0fa819f08e0c600f69c6,2023-08-23,GBP,USD,0.78
d30767ff2216acb61f35b77d564cb2f2,2023-08-24,GBP,USD,0.78
2205a7333b39c57cb4b7da8b3e235353,2023-08-25,GBP,USD,0.78
dc1e23f9816167b353c2c8ddde7ab919,2023-08-26,GBP,USD,0.78
f1bcb6542dfc28b5a2136c5866ac15bb,2023-08-27,GBP,USD,0.78
66249c4e30e8b561abaea9c5a683fa1b,2023-08-28,GBP,USD,0.78
03915d302c4b1d0aa8cbe0d5dc3344b4,2023-08-29,GBP,USD,0.78
5152d20cfb6b890d7555cfcab72d7bb7,2023-08-30,GBP,USD,0.78
fe549e7bdeaaabee7b2957ca308589bf,2023-08-31,GBP,USD,0.78
aac42b1b1fabc959968f25f2a4d763c1,2023-09-01,GBP,USD,0.78
a5dbbef2881fb5e037f0d10b9c78f436,2023-09-02,GBP,USD,0.78
a7efcbe9dd413cae4bcdf28917be8a44,2023-09-03,GBP,USD,0.78
c4191544fec7b78fcfddb4cb5f2e5c92,2023-09-04,GBP,USD,0.78
342766f71e6e83a54f2709ab2898c978,2023-09-05,GBP,USD,0.78
e2c58304fd318d53225a8222a89ecfc0,2023-09-06,GBP,USD,0.78
cc97698038522297ebbc32d281d83354,2023-09-07,GBP,USD,0.78
9fd15f9d6b42a211f8e4fbf8f32e38e8,2023-09-08,GBP,USD,0.78
769470b9c6f9f24e3d847b94dc01e03e,2023-09-09,GBP,USD,0.78
fd8f953deb18155baf2bf177db1bc082,2023-09-10,GBP,USD,0.78
c02800b1dde7c90852c5b54f1bbdfb96,2023-09-11,GBP,USD,0.78
058edabe96de18f2f6911c36bcdd14d2,2023-09-12,GBP,USD,0.78
f7a2c2a2a6f162e7d71c5611bf75ac46,2023-09-13,GBP,USD,0.78
d52a79a1d7a0abf65f01189bad550e90,2023-09-14,GBP,USD,0.78
f16c602cb3a3625a9c7f28de5010b499,2023-09-15,GBP,USD,0.78
1c2ac9f2646611d546ca5a2eaf12ecda,2023-09-16,GBP,USD,0.78
4c4f6802fc3f6e0696a7409b24a73de0,2023-09-17,GBP,USD,0.78
2e66645fd073aa1c73633edefa39f565,2023-09-18,GBP,USD,0.78
d7451380f16c7d5ce6abeda1b9aaf2b9,2023-09-19,GBP,USD,0.78
372e8775caa1f799207e1eaa2c221503,2023-09-20,GBP,USD,0.78
e62c299dd4e1ad15c4d86d238f8c046e,2023-09-21,GBP,USD,0.78
21a2c4e060ca2e140cd87b09d6bdb57a,2023-09-22,GBP,USD,0.78
74a08678ad6d727ff179eee8ef60c92b,2023-09-23,GBP,USD,0.78
b26dcd26ad6cc8d85d160b1327cff626,2023-09-24,GBP,USD,0.78
b37efdb56d14d50e43e58bc0c6a5b9db,2023-09-25,GBP,USD,0.78
78b6016c0a3a6c31a0f85123eb42f839,2023-09-26,GBP,USD,0.78
c1cb8065af8929d246776a3b81e515af,2023-09-27,GBP,USD,0.78
2addea70047e8443d99567114a1380f3,2023-09-28,GBP,USD,0.78
4c53befa92a9fe755a73b49e9aa4d52a,2023-09-29,GBP,USD,0.78
6e4952c330990d0f43ccc2d0601faf69,2023-09-30,GBP,USD,0.78
30c056fbfdd16002e3c7df0a44d8b873,2023-10-01,GBP,USD,0.78
d1609782f4b1571af483c5e9d6560fec,2023-10-02,GBP,USD,0.78
aa0422c33f638db875c7e3fbaa36629d,2023-10-03,GBP,USD,0.78
20345900ab7ef48e5fab1ccf7a2efc46,2023-10-04,GBP,USD,0.78
1b64afec8c9a724ca97f918d6d64b945,2023-10-05,GBP,USD,0.78
df88e98e079b86690775388c93c11677,2023-10-06,GBP,USD,0.78
a38f9b5a88776af2457f605fb1b6db74,2023-10-07,GBP,USD,0.78
634669c9f512242ea0b1b4995207e5fe,2023-10-08,GBP,USD,0.78
f3dea0554995c6303a493f46b177e8dc,2023-10-09,GBP,USD,0.78
37072427708f0451c88c278d0b599447,2023-10-10,GBP,USD,0.78
337eadd0184ee3da22cc9db5d0cfcbb7,2023-10-11,GBP,USD,0.78
36b24e051fc5a94683e313cd1d3f3477,2023-10-12,GBP,USD,0.78
5c5926b7ea7ec80ae26b0f62c4db8d01,2023-10-13,GBP,USD,0.78
544acec7f737593eca15101305dd240c,2023-10-14,GBP,USD,0.78
a47ea1a5e6b3d44d2a7c8b3f73432a50,2023-10-15,GBP,USD,0.78
d92abf836584420ffdcf441db5ec4e7d,2023-10-16,GBP,USD,0.78
6e4e2ae748a8dfd9f2e9d2db26ad638c,2023-10-17,GBP,USD,0.78
ba3309348423e16326ea6fb9188307c6,2023-10-18,GBP,USD,0.78
16f98841a1bbc7375bf6bc6eee2ccd64,2023-10-19,GBP,USD,0.78
06c9a33a0f79cc9bab8cbc8058f81494,2023-10-20,GBP,USD,0.78
080b94164e8001e88fba90364b537011,2023-10-21,GBP,USD,0.78
c1a6b0649f35da9e08b9e4f6a3c4de2c,2023-10-22,GBP,USD,0.78
02668accf830d331fcdf0e502153595c,2023-10-23,GBP,USD,0.78
6a1e5ec71ef507cf1cbbc666056d9e87,2023-10-24,GBP,USD,0.78
26e3c20870987b7073985ad21a153570,2023-10-25,GBP,USD,0.78
193ccf414d47675a4b7f90f6e36cf1e0,2023-10-26,GBP,USD,0.78
8293495912703bee9ad55081e94e18cb,2023-10-27,GBP,USD,0.78
61921bb9ca95860045874076cae542e4,2023-10-28,GBP,USD,0.78
1aaf4fe6aa404378353009898c348984,2023-10-29,GBP,USD,0.78
3aa96fb4fde22cde754b1152a45dbc99,2023-10-30,GBP,USD,0.78
6532c5a82fe1e4f2aabdf0f70199f817,2023-10-31,GBP,USD,0.78
246cbf31b47ab2b48c69934657144f7a,2023-11-01,GBP,USD,0.78
504bb39a39acd7526c14f28a526504fa,2023-11-02,GBP,USD,0.78
52ea5de4a024d6b10092afee8731ea2e,2023-11-03,GBP,USD,0.78
77e9f00007f03161dd9a6ddb2222a099,2023-11-04,GBP,USD,0.78
5537f01453b4e3f7ef7fabe6da1c5865,2023-11-05,GBP,USD,0.78
e0cd0bd6eef460a7cb5ebd618f86aaf3,2023-11-06,GBP,USD,0.78
3f1ba534c3433fe734a530710fa2a2b6,2023-11-07,GBP,USD,0.78
cf1ca59e31ac5b7c3cae4d7a08e98714,2023-11-08,GBP,USD,0.78
b2e7821b0d042a719144381c00202ee1,2023-11-09,GBP,USD,0.78
51b4b4bb0d095ec045b87368f0691d3a,2023-11-10,GBP,USD,0.78
b1b8fc88e756f40827b55069df52b28e,2023-11-11,GBP,USD,0.78
e83c57e3aeffeeaa9a4ad89ed1a5d671,2023-11-12,GBP,USD,0.78
f6abbafe59ff123b6f22703436a0eb61,2023-11-13,GBP,USD,0.78
8427b51fbd675e70c5085adb76692830,2023-11-14,GBP,USD,0.78
bdd4ee20b3fcd9521653602a8f9e4616,2023-11-15,GBP,USD,0.78
8bed55c40310fa0ff965cbfaba4e1d72,2023-11-16,GBP,USD,0.78
49adbeae93b74a7b9fa3a6d4fa882642,2023-11-17,GBP,USD,0.78
042c576a8d89fd794cd04f8290e5ad6b,2023-11-18,GBP,USD,0.78
9f200c101510c75ad3f893c4781a1c53,2023-11-19,GBP,USD,0.78
da95835dd204e442aebeb38935f4834b,2023-11-20,GBP,USD,0.78
230de48452fff5445feb3cf4fea4ab7b,2023-11-21,GBP,USD,0.78
66729a457357baa7a12560e8221b10ab,2023-11-22,GBP,USD,0.78
ee8457dbe0d6180a90f9be3ca89bb084,2023-11-23,GBP,USD,0.78
06adcf187e8d59bccb0bfaca132f0fc4,2023-11-24,GBP,USD,0.78
ba6d99fda5e843587f6347ae4537e54e,2023-11-25,GBP,USD,0.78
0845c6c6fddaa5d97f5caf91a09c650e,2023-11-26,GBP,USD,0.78
f25ce7c6510442271ff41eceb91e087d,2023-11-27,GBP,USD,0.78
16fd2649ab5f6d69b5a642aec2d6a5a1,2023-11-28,GBP,USD,0.78
b22717f8122694d4245bd70fa041b8c6,2023-11-29,GBP,USD,0.78
5bab1735d24da9c9ccf754c5527d2805,2023-11-30,GBP,USD,0.78
70ba29f4cd1547f8f496028503b5dbaf,2023-12-01,GBP,USD,0.78
a7846e3933b2b543f95eeb29e59b04ac,2023-12-02,GBP,USD,0.78
f2b377c8dfea953a51945466a144b9e7,2023-12-03,GBP,USD,0.78
45e4a04342f8ee9bdd069fbffca8596d,2023-12-04,GBP,USD,0.78
84caa8be6c8ad57236deb58f272cc97c,2023-12-05,GBP,USD,0.78
755e489ada1c89571dc379391dbe873f,2023-12-06,GBP,USD,0.78
2a2ddc465b3a59cd1373b533651aa3a8,2023-12-07,GBP,USD,0.78
a333a500d58ca366239198bc562ab8d9,2023-12-08,GBP,USD,0.78
99294ae116ff58d266cdb698836154f0,2023-12-09,GBP,USD,0.78
60355b589528749472a86e5ace7d19ec,2023-12-10,GBP,USD,0.78
73720e2c74d05ed78961d4360cefcf06,2023-12-11,GBP,USD,0.78
95a2f337df16a85c7970f92dba57c08c,2023-12-12,GBP,USD,0.78
ad2c373a829c32553a1a7261afdd952c,2023-12-13,GBP,USD,0.78
4832d97e9539d46c45ccf8be55367d61,2023-12-14,GBP,USD,0.78
c07114ba61ce8b0137d0060a8d7c1ea5,2023-12-15,GBP,USD,0.78
cd38d140133cf8d0408d4e9192632061,2023-12-16,GBP,USD,0.78
d54af45ffc132fc05bcbb870a0762b34,2023-12-17,GBP,USD,0.78
e7b9c25ede35b5f8fd75499595d1e5a0,2023-12-18,GBP,USD,0.78
762a2bf4a383434bc334490e7da4d24e,2023-12-19,GBP,USD,0.78
c2011bd5538ecdd8e83670662cfc8c16,2023-12-20,GBP,USD,0.78
6723d76fdd60c055ec9d30d475dfded7,2023-12-21,GBP,USD,0.78
85921ab879878d895a821c5131561460,2023-12-22,GBP,USD,0.78
e32ff1657a6ae2577f4147b84b4c69fb,2023-12-23,GBP,USD,0.78
4cb619b1e46afe98852f2494335af171,2023-12-24,GBP,USD,0.78
b2a1b4436ff1bdc7cab849968da09310,2023-12-25,GBP,USD,0.78
dcde4b4f17829f70c16baf2118eaff50,2023-12-26,GBP,USD,0.78
308ea3e70b4ff9222a391f551cf0cec0,2023-12-27,GBP,USD,0.78
3bad9a76b1030f6df68c1c80f64d9a19,2023-12-28,GBP,USD,0.78
144d5a03b3b607add0479038f3ee3094,2023-12-29,GBP,USD,0.78
52f8fd210edf6f08e307f1e440a8248c,2023-12-30,GBP,USD,0.78
5ae518c54f17a1d85632705033b22e39,2023-12-31,GBP,USD,0.78
b343314bfff847d5ec2ce7cc99055d8e,2024-01-01,GBP,USD,0.78
e6408983697c30439af78f464762a8a3,2024-01-02,GBP,USD,0.78
8a6a0b382aed471bc2c9cdfa7491ef7c,2024-01-03,GBP,USD,0.78
f9bc1646f22995f502adc76b5e064355,2024-01-04,GBP,USD,0.78
f94253d018a349fe1c519de043eac9f0,2024-01-05,GBP,USD,0.78
0bf38f3a077a88f7ca5dc6be702359f6,2024-01-06,GBP,USD,0.78
8f341739df2fa810ce23e5bdd4e24767,2024-01-07,GBP,USD,0.78
66b65cd24fed37e2de2fa186c4931a52,2024-01-08,GBP,USD,0.78
84c06124eac51ebff95daa9c1a31ba8d,2024-01-09,GBP,USD,0.78
f43e4ef54ee56111f40c9afa8681915b,2024-01-10,GBP,USD,0.78
6f9c8a53460ae4fa83505c6017febe87,2024-01-11,GBP,USD,0.78
3c0b7c0010595dd5a01630d271ed4288,2024-01-12,GBP,USD,0.78
02e5f6891c4752b1c00a57c6f8ef4519,2024-01-13,GBP,USD,0.78
5a9fd3d2ea0701d83405e763052ac43d,2024-01-14,GBP,USD,0.78
fff6f0bbd443c9189d132e883b2988eb,2024-01-15,GBP,USD,0.78
9d0d2c02a54b6de2d09f141b3b7de5d6,2024-01-16,GBP,USD,0.78
dbcd8a833b9cb7dad9f6a10e1a21005c,2024-01-17,GBP,USD,0.78
3c231fc5c8b97949ad65994cc96c38aa,2024-01-18,GBP,USD,0.78
d075e74ac177fe25a93ed43c957630a1,2024-01-19,GBP,USD,0.78
acac24b14f090b22680c5336a4db9d32,2024-01-20,GBP,USD,0.78
9ca13b192a21fc2a7abbb5063ad991d1,2024-01-21,GBP,USD,0.78
2f1d1d22318dc75480b38969cf2dacbf,2024-01-22,GBP,USD,0.78
5ec26f83feba8070756be79a96507f34,2024-01-23,GBP,USD,0.78
dde635a883572e7199097ccc711fe9a8,2024-01-24,GBP,USD,0.78
18752c6a71209db1cb3b3679f0768ded,2024-01-25,GBP,USD,0.78
7fa008fd90c61bdd16e3a6d64a32585d,2024-01-26,GBP,USD,0.78
1eb652b506c589f339894efbe02925e0,2024-01-27,GBP,USD,0.78
d32badc544a3868f80ce94941c16d5fe,2024-01-28,GBP,USD,0.78
34593a7bd74655e4dc5c97b0f8e5511f,2024-01-29,GBP,USD,0.78
cc72b39b8856e5c1065d99df34dff58d,2024-01-30,GBP,USD,0.78
30ba7852f7cce8b02fc63d50418a94ed,2024-01-31,GBP,USD,0.78
4f7b10cab0f9f0ae1bfe7de12980f09a,2024-02-01,GBP,USD,0.78
310fca738d406e90ee6d3b8d1160b10b,2024-02-02,GBP,USD,0.78
36bdac9494f8bae0ebcd2959c8ea1105,2024-02-03,GBP,USD,0.78
ff88c16c400de3c06c04ae68c37ea56c,2024-02-04,GBP,USD,0.78
683a058bcd792ac578f24debde79036c,2024-02-05,GBP,USD,0.78
0e892bcc09efd0a975d312d9c795f6c4,2024-02-06,GBP,USD,0.78
cafd75e221252c1bf7c8b7903b10536e,2024-02-07,GBP,USD,0.78
74418eebf2b79072c806b804f8e7b31a,2024-02-08,GBP,USD,0.78
1f18bafea4b96991916e6439cffb7e04,2024-02-09,GBP,USD,0.78
8a126d76ff4a8e20e05cdb6d35e2f1c2,2024-02-10,GBP,USD,0.78
747cc5cf483d912ce68a5ce1b2a40e3b,2024-02-11,GBP,USD,0.78
86ad54fa2c229206e1312fc996760ed9,2024-02-12,GBP,USD,0.78
5694d7ddf3d9fb63de97ddb5316211da,2024-02-13,GBP,USD,0.78
f461c1695eddbc93315bac7b0058f414,2024-02-14,GBP,USD,0.78
b3c379de8cb98c9114fd1bfbc0e16e3d,2024-02-15,GBP,USD,0.78
a9ac8bfd80ec2eac35f88496fd20b5bf,2024-02-16,GBP,USD,0.78
223a4b1810e6282b56a9ddaa0fdca6c0,2024-02-17,GBP,USD,0.78
ef8ebb7c8be5a74588d3e783bd60e906,2024-02-18,GBP,USD,0.78
6ca893f19c0f1b2c18485a4e39270dd9,2024-02-19,GBP,USD,0.78
9eee1017b57d9eb803fa3b05ce7901b4,2024-02-20,GBP,USD,0.78
56e9bf641e2701cf79b574fe9df0b0fe,2024-02-21,GBP,USD,0.78
dc04162c1416dfef158086ff54311f5c,2024-02-22,GBP,USD,0.78
12fcba818e129015c6d9e4b072faa0db,2024-02-23,GBP,USD,0.78
4b10228a3f7e0a238fb2a9feaa45610f,2024-02-24,GBP,USD,0.78
9569069f6e217906c492b3f0b3904028,2024-02-25,GBP,USD,0.78
30c520c09722dd047e970aa82d58ca7a,2024-02-26,GBP,USD,0.78
a1c470e1ccd90830cbc10ec03b5ad621,2024-02-27,GBP,USD,0.78
c0aad44770acc09becf3a5e713339ea6,2024-02-28,GBP,USD,0.78
329c2c7cd17acf38ff151766cb149a27,2024-02-29,GBP,USD,0.78
c3b9d65722352e1dc8726d66e815b8b9,2024-03-01,GBP,USD,0.78
38d3ca7dfa7b0147036ec58d05dca891,2024-03-02,GBP,USD,0.78
05fbad9bc4dacf70eade5be9db6d1dea,2024-03-03,GBP,USD,0.78
9634f44029895a002477b217b8ead4d2,2024-03-04,GBP,USD,0.78
09e4fb93a44e934c6e68afa823f1b278,2024-03-05,GBP,USD,0.78
d6b3468293e3fad8a750e8f0b8069e20,2024-03-06,GBP,USD,0.78
402d98661905d7016a795ccb60bb4a3b,2024-03-07,GBP,USD,0.78
4dc0dd8da6a79ee40956d050d50ede77,2024-03-08,GBP,USD,0.78
9687db6bc148d2e528ac5cb824296b08,2024-03-09,GBP,USD,0.78
309fef4ff4145ed819358852cb353237,2024-03-10,GBP,USD,0.78
0c11144e176c8677989ee1dd2c1666c1,2024-03-11,GBP,USD,0.78
bdaa1524a04b9370bd513dc1e09e9fc3,2024-03-12,GBP,USD,0.78
b7734edbefc50dc4cb101254ecb77aec,2024-03-13,GBP,USD,0.78
5424bd8dbd5f1a594ba4c6b85bc771ff,2024-03-14,GBP,USD,0.78
e2d7144b204f4dd94e91f788da7981d2,2024-03-15,GBP,USD,0.78
8b40cb1731f5ea82da1a41a613de9f8f,2024-03-16,GBP,USD,0.78
97695016cf9cb37e39df1723aa4aea34,2024-03-17,GBP,USD,0.78
5cea553ebdd8e248d827b48bd4a19305,2024-03-18,GBP,USD,0.78
a268373725c474d24dc0a6043eb9cded,2024-03-19,GBP,USD,0.78
f5d477350364fc5d1911e9b945913020,2024-03-20,GBP,USD,0.78
15db593674535cb5586548ccb05411c5,2024-03-21,GBP,USD,0.78
af41df7d52de70ade7dbc922bc50712a,2024-03-22,GBP,USD,0.78
0007ca1091d652f7e9085ae35635190f,2024-03-23,GBP,USD,0.78
6a9f9561003f2f78ac217c6f84b27470,2024-03-24,GBP,USD,0.78
046750c775d3b9a7c87c5d4e382fe755,2024-03-25,GBP,USD,0.78
0cbe0d2a122668051f94e5d05b9b2f02,2024-03-26,GBP,USD,0.78
65c8d74861bcd10791e6e44efbf70fa7,2024-03-27,GBP,USD,0.78
e423cacf9c54af002499f328bb1c30e4,2024-03-28,GBP,USD,0.78
9ebf2985c7fd9d3b2d7fc38696b1bb22,2024-03-29,GBP,USD,0.78
1b220321e63f56d6f8521c557741532b,2024-03-30,GBP,USD,0.78
5ccfc15a25c4c4c0d7d489a62de4926b,2024-03-31,GBP,USD,0.78
02a3fcdbb244106e48859eaf1df900f0,2024-04-01,GBP,USD,0.78
827862ed286f68362970e1f8f4239ad3,2024-04-02,GBP,USD,0.78
8e6970516a33e9026e1fb8ff8c854e15,2024-04-03,GBP,USD,0.78
381e714e2bf68907152d1af2ac05bb40,2024-04-04,GBP,USD,0.78
5312db612bb114da43473a89cfc63988,2024-04-05,GBP,USD,0.78
2f34fe9ae177e0c98bd541b96b4d5550,2024-04-06,GBP,USD,0.78
955280d30e33f07ee306e77692bb1b13,2024-04-07,GBP,USD,0.78
028dcb752a551d5a5ce4caae23730ea8,2024-04-08,GBP,USD,0.78
0f9a112262944e467472c82486592031,2024-04-09,GBP,USD,0.78
ba337a8920b8c894ebcdb4395f53d75e,2024-04-10,GBP,USD,0.78
dac65d3921b2916a7ac65f2da615e4a3,2024-04-11,GBP,USD,0.78
aa9f6b91118229b36a4c85050f8accc5,2024-04-12,GBP,USD,0.78
659f945aecf78638c4e3b46f81f9c57a,2024-04-13,GBP,USD,0.78
f4bffee2e475ca010a14a6224fb6e053,2024-04-14,GBP,USD,0.78
c2a1bd305454bf8a73a37b4955fa83e7,2024-04-15,GBP,USD,0.78
afd90bb4067e2985ce59971ad1e984bf,2024-04-16,GBP,USD,0.78
f778b1b519349fe79a1367a7e63310b3,2024-04-17,GBP,USD,0.78
0514e598e8856dfc4d0f4c84ecaf2ed9,2024-04-18,GBP,USD,0.78
e70713019aa67e92a2a3d4537982f97f,2024-04-19,GBP,USD,0.78
3a58501e56e6ffcfc62495fc09d30e24,2024-04-20,GBP,USD,0.78
b733dcdddabfd87bbc62a956fd4d3668,2024-04-21,GBP,USD,0.78
ef79e520bd8dc9f493f5c56f19a269fb,2024-04-22,GBP,USD,0.78
d32db45b5cbb0ccb581b1ab8cc59fc72,2024-04-23,GBP,USD,0.78
63626e5e0c1e49e27d2cd28a4210cdde,2024-04-24,GBP,USD,0.78
2882d67bc9d1bbc42bb0b37899efcfee,2024-04-25,GBP,USD,0.78
71f923907bc54ce38ff6de36426da68b,2024-04-26,GBP,USD,0.78
43e4329032c85e1a9cb52fc0822dd1bf,2024-04-27,GBP,USD,0.78
4a38e1c955c721e6db01e29587daa3c4,2024-04-28,GBP,USD,0.78
7d6864f201d5e94377bd806d71273172,2024-04-29,GBP,USD,0.78
d9c3793f660fb1d9752da88efe310c54,2024-04-30,GBP,USD,0.78
750bf5f1cc5abf18af3e2ba7bff21015,2024-05-01,GBP,USD,0.78
28f420e0ac4aac4b7f094bcd5759595a,2024-05-02,GBP,USD,0.78
ee2d07983d36e5593d795d77e35752c3,2024-05-03,GBP,USD,0.78
17a44b69532bd493382e2200a2873f8d,2024-05-04,GBP,USD,0.78
2023c9eeaa65431fb24acfaf55990926,2024-05-05,GBP,USD,0.78
f3cb025e73329bdb87e834688513fc9e,2024-05-06,GBP,USD,0.78
7a251174eb0c94047218e8b38c0f487e,2024-05-07,GBP,USD,0.78
87534a190399217d92d3ebe75ac42bd7,2024-05-08,GBP,USD,0.78
6e3595a0ef146c3e985bf9b58c42a1dc,2024-05-09,GBP,USD,0.78
4622bc678734d0a8ca3ddd1c8130f6c0,2024-05-10,GBP,USD,0.78
2f6f45fec6746244190540c765aefeee,2024-05-11,GBP,USD,0.78
0c0413712a9bf362994176ad2bae36d2,2024-05-12,GBP,USD,0.78
55dd921fe0f4a025928033c854980129,2024-05-13,GBP,USD,0.78
303c3e7f54242e469f196b4226cf9552,2024-05-14,GBP,USD,0.78
916f41d8129bd0fd3bb30592f3f91302,2024-05-15,GBP,USD,0.78
f23a89cca7bfe2f6895f81c1f02e7d57,2024-05-16,GBP,USD,0.78
a238b3ca33f85175f18f153a16982e7a,2024-05-17,GBP,USD,0.78
62f165c40a01f89c26b168d64ac66451,2024-05-18,GBP,USD,0.78
da36affc7241a319521fcb19d36ee423,2024-05-19,GBP,USD,0.78
15aa6288677651c9b46655258830cf39,2024-05-20,GBP,USD,0.78
11ac5057817c1aa04a58687bec130e69,2024-05-21,GBP,USD,0.78
0ccabd54bd2d2e8ce2e3ca0bcef898ba,2024-05-22,GBP,USD,0.78
4dcdc38120043bb795dd8535c8443d80,2024-05-23,GBP,USD,0.78
abd7bec0f65dc0f87966ac6a2b4cfe3f,2024-05-24,GBP,USD,0.78
412a299636ebc61feaeee21ee44f8950,2024-05-25,GBP,USD,0.78
cb950830d8cbc3c90bf13f60d0419c9a,2024-05-26,GBP,USD,0.78
a36b14a8917ad68194a641ed091d09f1,2024-05-27,GBP,USD,0.78
f9dd88d97a9d9404bdc48f08e5679ce8,2024-05-28,GBP,USD,0.78
1bc7bf61d0060c192448b48d4191cf68,2024-05-29,GBP,USD,0.78
e426e4a0894b0936e4692546f59de0c6,2024-05-30,GBP,USD,0.78
565200d94edfe09636f69a9e5dec674b,2024-05-31,GBP,USD,0.78
19779ca55bebfd17b4d5b4ebeef620a1,2024-06-01,GBP,USD,0.78
d528f5dd92c7fecd190e0950a2b007b7,2024-06-02,GBP,USD,0.78
6fec210e0d117bbbc255ba98f43e76ef,2024-06-03,GBP,USD,0.78
d3cc04f5a89033f5017a7a8e14ce7f5c,2024-06-04,GBP,USD,0.78
69ce0ec2679f0da37eaac90d7e6e8bad,2024-06-05,GBP,USD,0.78
3f7d4922ac379670dcaed32c38e99f8f,2024-06-06,GBP,USD,0.78
1f420378b45472a33e3569467609d3c7,2024-06-07,GBP,USD,0.78
fec28c3b471400f60da4e0cdb6c83444,2024-06-08,GBP,USD,0.78
8d27bb7cae112e64af3dc68b09deea5a,2024-06-09,GBP,USD,0.78
3449ac0302b5632bfb3376dad3d69b4b,2024-06-10,GBP,USD,0.78
7e502870cb8ae9b0e5747d5d09261b7b,2024-06-11,GBP,USD,0.78
058fce2bdc3ae51cfe2416c0bc03292c,2024-06-12,GBP,USD,0.78
3a82d8cc730f673780d7fe264b0cd592,2024-06-13,GBP,USD,0.78
4bba2a487fa8656fffc831b14c039f66,2024-06-14,GBP,USD,0.78
331653f11191bb3ff0dfd5eb93350e6f,2024-06-15,GBP,USD,0.78
c65953845a391438beb3b0676344a61c,2024-06-16,GBP,USD,0.78
4c843451bd13dee0379d6ee7bc6cc8cc,2024-06-17,GBP,USD,0.78
2e9e7a787a0e15c8b24f7ef08a3d4e20,2024-06-18,GBP,USD,0.78
7b62b62c0430cad8322d22fc9a8827f4,2024-06-19,GBP,USD,0.78
49d69897351b8ca067d952378c4ebcae,2024-06-20,GBP,USD,0.78
46694c8ce7f3363df1a289d047d68b7d,2024-06-21,GBP,USD,0.78
05dfd01cfab7798bdcdd477743350eb0,2024-06-22,GBP,USD,0.78
fa0da5bbc4f3130f73fe7e166d027517,2024-06-23,GBP,USD,0.78
449d02892f71773d9c086fbf00d9c5df,2024-06-24,GBP,USD,0.78
a5be2c1543f77c4b2ecb830ec623e10d,2024-06-25,GBP,USD,0.78
fcf4b1ca1f056f1d5dfcadb970cf14a2,2024-06-26,GBP,USD,0.78
0e33f294d32dbc9e8a21e087412519e4,2024-06-27,GBP,USD,0.78
b1b3e643be90555d8e7dc4999fb51e5d,2024-06-28,GBP,USD,0.78
10a86359dfbada543062ee1dd905b103,2024-06-29,GBP,USD,0.78
7f0fae896aa375dbb047aae2455c340a,2024-06-30,GBP,USD,0.78
284b568b70188ca911fbf00ccd9c71bb,2024-07-01,GBP,USD,0.78
df922bd42035f90963c76667d8feb9cf,2024-07-02,GBP,USD,0.78
1df9ba79559fe746baa3176d9e058d13,2024-07-03,GBP,USD,0.78
defbcf77c7aa41ad3d5940f027d7a205,2024-07-04,GBP,USD,0.78
492633022dda7e03e63073064996d9be,2024-07-05,GBP,USD,0.78
4e3c0bc024d38ae2dbecfee20002d5b5,2024-07-06,GBP,USD,0.78
41ad80cd1e6efffbacd36d205818521c,2024-07-07,GBP,USD,0.78
ef66956226dc75cfb4e257f5b2ab8b2c,2024-07-08,GBP,USD,0.78
56af30b4db49f0d487a119df3c3d64d2,2024-07-09,GBP,USD,0.78
227241b2b596e35777ac559b70af12db,2024-07-10,GBP,USD,0.78
173d0201e12aebe05568bfe57a658d56,2024-07-11,GBP,USD,0.78
f1d8dd8cbda7710d61804bacee943012,2024-07-12,GBP,USD,0.78
b83f9c970639248fe4d1b5ab1bcff5e3,2024-07-13,GBP,USD,0.78
7321b67e764fa62b2a8b265bdef07492,2024-07-14,GBP,USD,0.78
9b2bc68c5dba8fefb86909af7319aadc,2024-07-15,GBP,USD,0.78
b9e0a84f287d8907b6da9dbe607149f2,2024-07-16,GBP,USD,0.78
a0316bf7afb82953fc988524bc7055c2,2024-07-17,GBP,USD,0.78
a07a7121344931ab068e7ff2f3d5aca5,2024-07-18,GBP,USD,0.78
39942b34af8556cb1a4928a6714d49fc,2024-07-19,GBP,USD,0.78
7a24c666b7c089dea10c607d8ff3e657,2024-07-20,GBP,USD,0.78
b09ceca8e16f760ea400707436a648f8,2024-07-21,GBP,USD,0.78
7da192b6f7845497c413d60d17933282,2024-07-22,GBP,USD,0.78
83a3e9fbc3b1decdf2fd2a0a7d1b860b,2024-07-23,GBP,USD,0.78
ade4c0c9f2e9c0d50547d098c4932104,2024-07-24,GBP,USD,0.78
deacb57bf9ab5da9ecdce006682e8321,2024-07-25,GBP,USD,0.78
4533553d1306f25dfd401c85a3bb2208,2024-07-26,GBP,USD,0.78
f4c39ac9b6bb5b48ca3d123e8d5a991e,2024-07-27,GBP,USD,0.78
244e81ac01e34fd6e362e2d105634571,2024-07-28,GBP,USD,0.78
9b15dd7730a9fbfaa16dfecd454a2ae3,2024-07-29,GBP,USD,0.78
03fd4d647b60d606753a3f2891446c75,2024-07-30,GBP,USD,0.78
57fbb3027dc0070ae8610ba7d22bdc2a,2024-07-31,GBP,USD,0.78
b40779779bf253b6fa04c75661dfce60,2024-08-01,GBP,USD,0.78
72a2e845fd2fc76e6e76347fa51632e3,2024-08-02,GBP,USD,0.78
63daec6068ca5566408d3b418ceef832,2024-08-03,GBP,USD,0.78
91343553e945bd272a2888dfe7858a2d,2024-08-04,GBP,USD,0.78
517206b9fd70aa803e5822a4167d102f,2024-08-05,GBP,USD,0.78
5e58ea441cb188b657e9d249875849b7,2024-08-06,GBP,USD,0.78
8ef5b9a6a746e73d21bfdbac894589a7,2024-08-07,GBP,USD,0.78
2f5c19b3e08d35f765fd2419a92635f7,2024-08-08,GBP,USD,0.78
224ca98ceab7fc775cc4d9d388287f7f,2024-08-09,GBP,USD,0.78
fc70ca5dd313cffe29d6a3292207f60f,2024-08-10,GBP,USD,0.78
7b865b44a19f5da2f1bd47ec76f3cd88,2024-08-11,GBP,USD,0.78
8c0a71399617ad4da87acaab8cc08011,2024-08-12,GBP,USD,0.78
1f841d633d76880d2a4103285a562465,2024-08-13,GBP,USD,0.78
150ffe6c6b80cfdae97e9b88aca5384e,2024-08-14,GBP,USD,0.78
0185ddbb576f7e1419f7cba04727a806,2024-08-15,GBP,USD,0.78
6a844f5908a4b07d88d6eab6ada7dae0,2024-08-16,GBP,USD,0.78
ad030ca94d3af6966499e5a4e093bcce,2024-08-17,GBP,USD,0.78
f759aa7e7dcb1cbac9a3c10ca9b8e580,2024-08-18,GBP,USD,0.78
8854dc5d682e14102e19402323c3d1a9,2024-08-19,GBP,USD,0.78
90207c33e3ba6964f88d05f36cbb668e,2024-08-20,GBP,USD,0.78
d54b7d1c7e2d917ffdcc27b2a63d5d2f,2024-08-21,GBP,USD,0.78
f94345ba4ff46c7003d13134814e9bb7,2024-08-22,GBP,USD,0.78
7cd40912226ba59c15609b3024df9e9b,2024-08-23,GBP,USD,0.78
a4e3052976c774c1c314fb14d4f0957e,2024-08-24,GBP,USD,0.78
0d2e7f3ece963afd6d5ebd97fffa3b24,2024-08-25,GBP,USD,0.78
4d40e3aed34b542718659384d1c1253e,2024-08-26,GBP,USD,0.78
1054c012ef382dd56c391a049513dac0,2024-08-27,GBP,USD,0.78
da95538fc4f1b50e62e128ad3914b278,2024-08-28,GBP,USD,0.78
4a12ba6313f27e5f9b3f6cea71d5e402,2024-08-29,GBP,USD,0.78
ef94141a6c19b9e374751d295e362a4d,2024-08-30,GBP,USD,0.78
c360cfc82be3ffd4abee6b2198962073,2024-08-31,GBP,USD,0.78
b93896dd4fc6d6a15f992cb14102ebfe,2024-09-01,GBP,USD,0.78
11556f0bb33eb92754585f3052c44771,2024-09-02,GBP,USD,0.78
6ab9ab11f31c066f6bac325871fba9d4,2024-09-03,GBP,USD,0.78
8b5abb5856e2e1f22007ce5340a8de9d,2024-09-04,GBP,USD,0.78
f2b8f020c75a73c4d59ec5b6a9debbcf,2024-09-05,GBP,USD,0.78
d2364c8d3e3fa6a9a62d7f9e4cbcfc97,2024-09-06,GBP,USD,0.78
3ba1042cbc7d54aed527f7de25365427,2024-09-07,GBP,USD,0.78
e4be4c3a597829566bd70f1b2938b344,2024-09-08,GBP,USD,0.78
5e05f51c8017b8f8c3227ddb5163dcb1,2024-09-09,GBP,USD,0.78
87ea35f62648e5b76ad54b3c4ce594ea,2024-09-10,GBP,USD,0.78
609a261b53b85964d7086bee2dc08e41,2024-09-11,GBP,USD,0.78
93546b64cb442dc1732d917ab2b24654,2024-09-12,GBP,USD,0.78
e6ea028db80aee496aeac0bdf47498bc,2024-09-13,GBP,USD,0.78
30ff0c1fc56ad6fc73e75e2fbae15a5e,2024-09-14,GBP,USD,0.78
ed610ad0a7c218c132f9b7cd30c14181,2024-09-15,GBP,USD,0.78
81b21902924022e42d5d3095187279b2,2024-09-16,GBP,USD,0.78
3811e6be5fca7ca5c4aaae66c91a118e,2024-09-17,GBP,USD,0.78
a08fa993d29a72e94b32c86d303221d2,2024-09-18,GBP,USD,0.78
eadb345bfcc413ad7f1b1410d76d4051,2024-09-19,GBP,USD,0.78
9584b67f96a80fb5ab75cf6132cff3dc,2024-09-20,GBP,USD,0.78
07483cd6db749503b8f249bd4290fb03,2024-09-21,GBP,USD,0.78
77f95835da778fc80f417999036fc369,2024-09-22,GBP,USD,0.78
1e3b04e24dc1bb61f2937c0eb3150b38,2024-09-23,GBP,USD,0.78
f1206943020b549f51dac629b8954f9b,2024-09-24,GBP,USD,0.78
56eb3cdb70a5697822ebbc6a7f04cb18,2024-09-25,GBP,USD,0.78
5d2026a1ead5e6b5b8ebe2d44b3e41bb,2024-09-26,GBP,USD,0.78
f682067987970aad54855aa85ad04035,2024-09-27,GBP,USD,0.78
b12557d1060eca69a4f28161fedfa234,2024-09-28,GBP,USD,0.78
54e302d80259eafc09280789b93c81df,2024-09-29,GBP,USD,0.78
b3253a0b79dee1d708ca3d964810bdde,2024-09-30,GBP,USD,0.78
f0132f68ef7a6119c5c14263cb2baa84,2024-10-01,GBP,USD,0.78
043a3e3c9731e4ec42826e2a218d6b1e,2024-10-02,GBP,USD,0.78
2fef0b2dde4173cede9703b1043f532e,2024-10-03,GBP,USD,0.78
d3cbc77165b6f2096c473d6f52ed30f6,2024-10-04,GBP,USD,0.78
3f5f8dff1faad78ef56b767b8be0f77f,2024-10-05,GBP,USD,0.78
2c2cc7ada3fafff402677f171b4e12e5,2024-10-06,GBP,USD,0.78
7256db5e1c8d65662bfe7920e555c41f,2024-10-07,GBP,USD,0.78
d4a7b686a7217ac4ed774fd219233d40,2024-10-08,GBP,USD,0.78
06868fc8299dcfe4473b1e8bd4b6b140,2024-10-09,GBP,USD,0.78
fd0cec6ec04c7857ba306e0ac10cf5c3,2024-10-10,GBP,USD,0.78
4e449ca1a54e9962fd9f18dd703060b1,2024-10-11,GBP,USD,0.78
b87bce939ec6398d97ce6f16d25b1920,2024-10-12,GBP,USD,0.78
4cb2e77cf11b1bf4370ae3b2c1db76f8,2024-10-13,GBP,USD,0.78
086548939332cff7f0498dfa121cdeab,2024-10-14,GBP,USD,0.78
ea5d0dd6db4a371d330baf7739dfab0d,2024-10-15,GBP,USD,0.78
b9d2090c7301e04de22bc8a71edb9113,2024-10-16,GBP,USD,0.78
b3595f22fd40487ebd1c1b004dbebd21,2024-10-17,GBP,USD,0.78
a21af2ccb7bfe889feb4f9a8c6628cf8,2024-10-18,GBP,USD,0.78
4d827ce5aa9f6f9c50fb6ad49674b60c,2024-10-19,GBP,USD,0.78
1829427cbd99699bf69db78d913181ae,2024-10-20,GBP,USD,0.78
93942112f20f82914e883fe537514ed1,2024-10-21,GBP,USD,0.78
1b4ea7eb1cf3c34620bf2245f048ad76,2024-10-22,GBP,USD,0.78
7432591f2f63e4263da2694a6a3f775b,2024-10-23,GBP,USD,0.78
dde0260fdb20c93ab18eb1e9f41d4545,2024-10-24,GBP,USD,0.78
ddb55f8bff93013eb2ceaaa9357f6b8a,2024-10-25,GBP,USD,0.78
0899b41d5f2d03a4d4922db3e53df813,2024-10-26,GBP,USD,0.78
97dde34af44d5ea23e9bb81aa4d9bc97,2024-10-27,GBP,USD,0.78
0858d2d94b0b1935cfaf1863f6cc7c54,2024-10-28,GBP,USD,0.78
c7b18a2895a27741f6672899b2bd0dd1,2024-10-29,GBP,USD,0.78
236bda58f55e1138217817b8de581890,2024-10-30,GBP,USD,0.78
685312f64c802c25746e72c968c82ad0,2024-10-31,GBP,USD,0.78
27f1bca5d78ba2b3f902c66ad76b98ae,2024-11-01,GBP,USD,0.78
ff5548de5ca205045e15f7ea609afd18,2024-11-02,GBP,USD,0.78
afd033654ffab6472b99d2c5e12da265,2024-11-03,GBP,USD,0.78
76a5c06f88efadef022842ca4d344a17,2024-11-04,GBP,USD,0.78
e303d82b316c85364e8b73c97dfc1801,2024-11-05,GBP,USD,0.78
c54b95f8074a706b42e7b4abceb6841c,2024-11-06,GBP,USD,0.78
bcdcc6c4fe78377c46a86f8d27a7bf26,2024-11-07,GBP,USD,0.78
1d6f1389190d2246022836d2ee165398,2024-11-08,GBP,USD,0.78
0bdc0c78170e9c053b25f37a95ded461,2024-11-09,GBP,USD,0.78
c05aaa5035fb56e6e01d9fb620f59d2b,2024-11-10,GBP,USD,0.78
9ae6c9456d2265e3161ded9f744a0bae,2024-11-11,GBP,USD,0.78
9695b8531209be04cbfeb25cf9a437eb,2024-11-12,GBP,USD,0.78
371ac90fb6fedfd85bdc6fc5e98585fc,2024-11-13,GBP,USD,0.78
c7b82d38c3a29c8e290357c4914fc91e,2024-11-14,GBP,USD,0.78
743217ca9a0e51d404f897cb6f3f590e,2024-11-15,GBP,USD,0.78
51c23b4c8f4a7cd20afa9bb290349358,2024-11-16,GBP,USD,0.78
542709f1c3232670144386b80af572c1,2024-11-17,GBP,USD,0.78
6247875f0e41417c4430811249430a60,2024-11-18,GBP,USD,0.78
461c91a5dd580aca11da5be93d302d50,2024-11-19,GBP,USD,0.78
f79adfb43a6d2c59188821d2d7445d1c,2024-11-20,GBP,USD,0.78
eeb4ccb51582cd4ce69d8426c9fb2894,2024-11-21,GBP,USD,0.78
330501c21c6fd56f8e057ceed9c446be,2024-11-22,GBP,USD,0.78
4888d1c43b29eb9c0a31841d5ba7b76b,2024-11-23,GBP,USD,0.78
09c368d0600b99650cab75f55f5515e9,2024-11-24,GBP,USD,0.78
46aa960decf81a6ae41b94ed67977db8,2024-11-25,GBP,USD,0.78
c1206570fbf3c196122125e2a40ce980,2024-11-26,GBP,USD,0.78
89948aac654c01062cf499d886a51101,2024-11-27,GBP,USD,0.78
7f84891ae8e54165a529dba6f04bf869,2024-11-28,GBP,USD,0.78
f314d4e19b6ef87e02fa30eb71d3c40f,2024-11-29,GBP,USD,0.78
f1cdddc53d73f01cb83259c0d02398db,2024-11-30,GBP,USD,0.78
7bb786729060d2e3376db20d6d1567ff,2024-12-01,GBP,USD,0.78
0fbfe21751a6bb8dca6a0a2189e82ba9,2024-12-02,GBP,USD,0.78
0c9e43787b429caf8e376fa48b94ed52,2024-12-03,GBP,USD,0.78
45aab8d159730deaa5a356722bd3b635,2024-12-04,GBP,USD,0.78
296b445d8ad9512d2edf22147bd73e21,2024-12-05,GBP,USD,0.78
a167f266c17871c597ed5a28870e41b9,2024-12-06,GBP,USD,0.78
b7718f212ee95baea3d8b038004d2233,2024-12-07,GBP,USD,0.78
6b75bb813da144f8b1006dc1d20cd169,2024-12-08,GBP,USD,0.78
2ffb59a70155e41c261b0d79ba027b82,2024-12-09,GBP,USD,0.78
85ab8fce8acb634f2b52a9f866fad802,2024-12-10,GBP,USD,0.78
cca87d384fa3ab9e8d0a3b288f4be425,2024-12-11,GBP,USD,0.78
db071cc45ec10fdb826f38d4e856e2ed,2024-12-12,GBP,USD,0.78
d71986e73911827934703a9830ab6e13,2024-12-13,GBP,USD,0.78
23ae3abfeebdad9228dd402a19ed6a22,2024-12-14,GBP,USD,0.78
f44b12b4c745594701381ce76d52a282,2024-12-15,GBP,USD,0.78
3eed6013b5a51961f32317875366d6b3,2024-12-16,GBP,USD,0.78
3c76644cc9af9f516cae49f759bd1b3d,2024-12-17,GBP,USD,0.78
41f7300a8936a8075d6ce9fe15516d10,2024-12-18,GBP,USD,0.78
758ff98c5fc194bda40bf7274c2c9c9e,2024-12-19,GBP,USD,0.78
1833d164ae4ba9f610dd1175707998fc,2024-12-20,GBP,USD,0.78
4050b288302805eaec06f6f8fc8b742f,2024-12-21,GBP,USD,0.78
d9465f56b2400fbe99628b58a4013dc0,2024-12-22,GBP,USD,0.78
2b7b280720af9064e057c17fb015bcc8,2024-12-23,GBP,USD,0.78
dbf24d6a733ba79705e45efa1dbad4c8,2024-12-24,GBP,USD,0.78
67687a9fbc77b2280828301c30157e53,2024-12-25,GBP,USD,0.78
8209ed84da554c654cd48d1fe52b79f1,2024-12-26,GBP,USD,0.78
f6a943cde4b3765fd525b07492abf90f,2024-12-27,GBP,USD,0.78
17038ab42751aac2d014c68c095f7711,2024-12-28,GBP,USD,0.78
cc70692c4dcbb200376b7006ef47b53e,2024-12-29,GBP,USD,0.78
05b7c8eb06386a4ad71fcbded1cb3502,2024-12-30,GBP,USD,0.78
32058c0f710f1f0d6f6a992e3d5adeb7,2024-12-31,GBP,USD,0.78
