EVENT_ID,DOMAIN_SESSION_ID,USER_ID,EVENT,EVENT_TIME,PAGE_TITLE,PAGE_URL_PATH,PAGE_URL,MARKETING_TERM,MARKETING_CONTENT,MARKETING_MEDIUM,MARKETING_CAMPAIGN,MARKETING_SOURCE,MARKETING_CLICK_ID,PAGE_URL_QUERY,REFERER_URL_HOST,USER_IPADDRESS,USERAGENT
3428cf5e-560a-4ba8-ac05-a0dcf3699010,f1d7b1d5-ae7c-464c-8e0e-b8807d4fd18a,1259696,se,2021-12-03 07:58:52.383,,,,,,,,,,,,192.168.0.1,
e1ab4720-a9ea-442e-bdf5-1bc9dd46fa49,fd9e2529-1a5d-41c5-873a-810616e65322,1259696,pp,2021-09-03 16:36:12.383,,,,,,,,,,,retailer.com,192.168.0.1,
f92dad79-0268-4445-8dd8-5d7583c9d1a4,fd9e2529-1a5d-41c5-873a-810616e65322,1259696,pp,2021-09-03 16:37:40.159,,,,,,,,,,,retailer.com,192.168.0.1,
332325bc-a2e7-4caa-8cdb-5ea6c0a40363,fd9e2529-1a5d-41c5-873a-810616e65322,1259696,pp,2021-09-03 16:41:23.982,,,,,,,,,,,retailer.com,192.168.0.1,
fcd429ca-260d-4870-ad16-62025b19282b,fd9e2529-1a5d-41c5-873a-810616e65322,1259696,pp,2021-09-03 16:41:13.128,,,,,,,,,,page=3,retailer.com,192.168.0.1,
430279b8-b104-4b97-8729-aa3cccdafef7,f1d7b1d5-ae7c-464c-8e0e-b8807d4fd18a,1259696,ue,2021-12-03 07:55:51.703,,,,,,,,,,,,192.168.0.1,
17b3b42d-d68d-4bcf-9efb-35ff4b3a5ce0,f1d7b1d5-ae7c-464c-8e0e-b8807d4fd18a,1259696,ue,2021-11-19 09:31:50.760,,,,,,,,,,,,192.168.0.1,
0eb46c56-15fd-42fb-9197-600fa0825d56,fd9e2529-1a5d-41c5-873a-810616e65322,1259696,pp,2021-09-03 16:41:42.128,,,,,,,,,,,retailer.com,192.168.0.1,
895767ba-1620-4956-a6f2-9c8e27569e03,fd9e2529-1a5d-41c5-873a-810616e65322,1259696,pp,2021-09-03 16:41:02.468,,,,,,,,,,page=3,retailer.com,192.168.0.1,
e9d6d478-64b9-4db6-b27b-422f781ad950,fd9e2529-1a5d-41c5-873a-810616e65322,1259696,ue,2021-09-03 16:33:20.378,,,,,,,,,,,retailer.com,192.168.0.1,
25efe1b2-983b-45f4-965f-c645ed6f0fb5,fd9e2529-1a5d-41c5-873a-810616e65322,1259696,pp,2021-09-03 16:38:45.213,,,,,,,,,,,retailer.com,192.168.0.1,
c6b63338-41aa-4899-bcbd-05cd7c4bf79e,f1d7b1d5-ae7c-464c-8e0e-b8807d4fd18a,1259696,se,2021-12-31 20:33:54.442,,,,,,,,,,,,192.168.0.1,
824148c8-3312-4231-be86-66bf26d753ed,f1d7b1d5-ae7c-464c-8e0e-b8807d4fd18a,1259696,ue,2021-12-03 07:58:42.431,,,,,,,,,,,,192.168.0.1,
4a6db4ae-0532-490e-b3ba-6d8e6fa3c167,fd9e2529-1a5d-41c5-873a-810616e65322,1259696,pp,2021-09-03 16:36:32.344,,,,,,,,,,,retailer.com,192.168.0.1,
5472e47d-4224-44a6-8171-6d29f04b84b2,aef55994-be00-480f-bf3d-694cea047d8a,1259696,se,2022-01-19 16:27:32.757,,,,,,,,,,,,192.168.0.1,
edda372b-42cb-423b-9dd3-93f6ab544a69,f1d7b1d5-ae7c-464c-8e0e-b8807d4fd18a,1259696,se,2021-11-19 09:32:40.884,,,,,,,,,,,,192.168.0.1,
2194e835-43cf-45ef-ab2c-8ee7abc7fa59,fd9e2529-1a5d-41c5-873a-810616e65322,1259696,pp,2021-09-03 16:33:36.154,,,,,,,,,,,retailer.com,192.168.0.1,
40dfb275-e5b2-4906-bda6-a8941191d5e5,fd9e2529-1a5d-41c5-873a-810616e65322,1259696,pp,2021-09-03 16:40:37.508,,,,,,,,,,page=3,retailer.com,192.168.0.1,
8f4fe30f-447d-462f-8aef-b2c2c6e62c71,f1d7b1d5-ae7c-464c-8e0e-b8807d4fd18a,1259696,ue,2021-09-03 17:23:27.457,,,,,,,,,,,,192.168.0.1,
71f21a52-1c54-4166-bbfd-76547082589e,f1d7b1d5-ae7c-464c-8e0e-b8807d4fd18a,1259696,ue,2021-09-03 17:25:34.915,,,,,,,,,,,,192.168.0.1,
fc58784b-682f-47e5-9ab5-29deac603869,fd9e2529-1a5d-41c5-873a-810616e65322,1259696,pp,2021-09-03 16:33:51.434,,,,,,,,,,,retailer.com,192.168.0.1,
22fb61c8-771a-4222-bf19-4f7de498afcd,f1d7b1d5-ae7c-464c-8e0e-b8807d4fd18a,1259696,se,2021-12-03 07:59:06.414,,,,,,,,,,,,192.168.0.1,
470bf18d-662b-424a-9f3c-71c151f2e867,fd9e2529-1a5d-41c5-873a-810616e65322,1259696,pv,2021-09-03 16:37:02.296,,,,,,,,,,,retailer.com,192.168.0.1,
2365cc3c-d322-4688-b88c-6e4a8cc801de,f1d7b1d5-ae7c-464c-8e0e-b8807d4fd18a,1259696,ue,2021-09-03 17:25:34.907,,,,,,,,,,,,192.168.0.1,
638c6ee8-e179-4d7d-b859-17e9d36dd83e,fd9e2529-1a5d-41c5-873a-810616e65322,1259696,ue,2021-09-03 16:33:40.308,,,,,,,,,,,retailer.com,192.168.0.1,
2ec3a8f9-5db3-4310-9f95-015797d3914c,fd9e2529-1a5d-41c5-873a-810616e65322,1329726,pp,2021-04-03 16:35:32.387,,,,,,,,,,,retailer.com,192.168.0.1,
6045d3ce-15f2-4e34-ae2b-0e0f967b7acc,fd9e2529-1a5d-41c5-873a-810616e65322,1329726,pp,2021-05-03 16:34:41.393,,,,,,,,,,,retailer.com,192.168.0.1,
4dc23b26-168d-4cc0-a354-100faf2bd309,fd9e2529-1a5d-41c5-873a-810616e65322,1329726,pp,2021-05-03 16:42:43.030,,,,,,,,,,,retailer.com,192.168.0.1,
d60c49bf-f281-413b-83b8-43d7548a37de,fd9e2529-1a5d-41c5-873a-810616e65322,1329726,pp,2021-05-03 16:40:57.504,,,,,,,,,,page=3,retailer.com,192.168.0.1,
cf2ca528-067e-4f14-ae89-79729cc562f8,fd9e2529-1a5d-41c5-873a-810616e65322,1259696,pp,2021-09-03 16:40:32.468,,,,,,,,,,page=3,retailer.com,192.168.0.1,
0ac77fa7-85fc-4879-b47f-73769bf13766,fd9e2529-1a5d-41c5-873a-810616e65322,1259696,pp,2021-09-03 16:36:42.394,,,,,,,,,,,retailer.com,192.168.0.1,
a0451beb-78ad-43b7-bde9-a99c4cc8f300,fd9e2529-1a5d-41c5-873a-810616e65322,1259696,pp,2021-09-03 16:40:47.504,,,,,,,,,,page=3,retailer.com,192.168.0.1,
15d48556-9e5a-49ff-888e-03a0c012fdca,f1d7b1d5-ae7c-464c-8e0e-b8807d4fd18a,1259696,se,2021-12-31 20:33:53.320,,,,,,,,,,,,192.168.0.1,
e485ca55-552a-423c-aa73-d72f770cd8c1,f1d7b1d5-ae7c-464c-8e0e-b8807d4fd18a,1259696,se,2021-11-19 09:32:12.990,,,,,,,,,,,,192.168.0.1,
04732b82-50a6-4518-93b4-4103b5c52650,f1d7b1d5-ae7c-464c-8e0e-b8807d4fd18a,1259696,se,2021-11-19 09:32:26.292,,,,,,,,,,,,192.168.0.1,
bf654475-abc8-4d12-b7b2-cba9cd729c57,f1d7b1d5-ae7c-464c-8e0e-b8807d4fd18a,1259696,ue,2021-09-18 19:06:48.962,,,,,,,,,,,,192.168.0.1,
9a384bce-de49-4b1a-adb9-c0fc9eb95856,f1d7b1d5-ae7c-464c-8e0e-b8807d4fd18a,1329682,ue,2021-09-03 17:23:27.454,,,,,,,,,,,,192.168.0.1,
b5d68f09-2a7f-4189-bf87-d663487ea5a3,f1d7b1d5-ae7c-464c-8e0e-b8807d4fd18a,1329682,ue,2021-09-03 17:25:34.913,,,,,,,,,,,,192.168.0.1,
aa9e41d4-d93f-4696-b794-63f16ea179ba,fd9e2529-1a5d-41c5-873a-810616e65322,1329682,pp,2021-09-03 16:42:13.027,,,,,,,,,,,retailer.com,192.168.0.1,
780ba062-38ec-42f3-b37d-fcec09b36c71,fd9e2529-1a5d-41c5-873a-810616e65322,1329682,pp,2021-09-03 16:39:08.745,,,,,,,,,,page=2,retailer.com,192.168.0.1,
57d5a509-51e6-43d5-a12c-27e8b5c35359,fd9e2529-1a5d-41c5-873a-810616e65322,1259696,pp,2021-09-03 16:35:07.341,,,,,,,,,,,retailer.com,192.168.0.1,
b99d2694-fdc2-4398-acba-706191bab36c,fd9e2529-1a5d-41c5-873a-810616e65322,1259696,pp,2021-09-03 16:38:05.204,,,,,,,,,,,retailer.com,192.168.0.1,
5db082f2-a522-4b67-b44d-e3f8257c508b,aef55994-be00-480f-bf3d-694cea047d8a,1259696,pp,2022-01-19 16:27:38.746,,,,,,,,,,q=airfryer,retailer.com,192.168.0.1,
d0947684-9654-4b16-93ad-e62441df4c6f,f1d7b1d5-ae7c-464c-8e0e-b8807d4fd18a,1329726,ue,2021-09-03 17:26:04.513,,,,,,,,,,,,192.168.0.1,
3a20185c-9297-479a-8696-d8128d201dfe,fd9e2529-1a5d-41c5-873a-810616e65322,1329726,ue,2021-09-03 16:37:19.628,,,,,,,,,,,retailer.com,192.168.0.1,
585ea992-e9a7-4f4d-ad6c-542ed5fd978d,fd9e2529-1a5d-41c5-873a-810616e65322,1259696,pp,2021-09-03 16:35:27.339,,,,,,,,,,,retailer.com,192.168.0.1,
e8ddf772-e9c9-4f21-95e0-556c20d80eec,aef55994-be00-480f-bf3d-694cea047d8a,1259696,pv,2022-01-19 16:27:27.132,,,,,,,,,,,,192.168.0.1,
3840b017-593d-4b57-9c27-d1121028513b,fd9e2529-1a5d-41c5-873a-810616e65322,1259696,pp,2021-09-03 16:33:19.557,,,,,,,,,,,retailer.com,192.168.0.1,
e47b42b0-ab7e-4b1e-8281-0ce4046de147,fd9e2529-1a5d-41c5-873a-810616e65322,1259696,pp,2021-09-03 16:37:55.161,,,,,,,,,,,retailer.com,192.168.0.1,
f7099ae9-e039-4abb-8765-0b6199ebb35a,fd9e2529-1a5d-41c5-873a-810616e65322,1329726,pp,2021-09-03 16:40:42.469,,,,,,,,,,page=3,retailer.com,192.168.0.1,
309749c7-ea30-47b5-bc14-16c321cd6f9e,fd9e2529-1a5d-41c5-873a-810616e65322,1329726,pv,2021-09-03 16:38:16.239,,,,,,,,,,,retailer.com,192.168.0.1,
40d77c91-374e-4670-884f-1bf86613e093,fd9e2529-1a5d-41c5-873a-810616e65322,1329726,pp,2021-09-03 16:33:03.792,,,,,,,,,,,,192.168.0.1,
03ba32ef-9ce0-48d8-bf62-d891c0d71ebe,fd9e2529-1a5d-41c5-873a-810616e65322,1259696,ue,2021-09-03 16:36:59.281,,,,,,,,,,,retailer.com,192.168.0.1,
4878c0d7-3b75-47c5-a38e-2f8915210ae2,fd9e2529-1a5d-41c5-873a-810616e65322,1259696,pp,2021-09-03 16:34:11.433,,,,,,,,,,,retailer.com,192.168.0.1,
62979266-b60a-453f-813b-1443fc5794b2,aef55994-be00-480f-bf3d-694cea047d8a,1329704,pp,2022-01-19 16:27:35.917,,,,,,,,,,,,192.168.0.1,
b221c711-6f1a-4c2d-8c5d-8d8803f9ffa5,fd9e2529-1a5d-41c5-873a-810616e65322,1329704,pp,2021-02-10 16:39:33.749,,,,,,,1234,,,page=2,facebook.com,192.168.0.1,
65da69b7-5398-4421-a0b5-40be54c0f36f,fd9e2529-1a5d-41c5-873a-810616e65322,1329704,pp,2021-03-01 16:35:52.378,,,,,,,1235,,,google.com,192.168.0.1,
7e692af2-55b4-440f-95ce-2729e307ea5f,fd9e2529-1a5d-41c5-873a-810616e65322,1259696,pp,2021-09-03 16:35:57.345,,,,,,,,,,,retailer.com,192.168.0.1,
8e8145ac-9f32-47ce-bf13-d3759e08ab19,fd9e2529-1a5d-41c5-873a-810616e65322,1259696,pv,2021-09-03 16:40:22.453,,,,,,,,,,page=3,retailer.com,192.168.0.1,
a4a80d8a-46e2-419c-984f-200eb9b6a707,f1d7b1d5-ae7c-464c-8e0e-b8807d4fd18a,1259696,ue,2021-09-03 17:25:34.918,,,,,,,,,,,,192.168.0.1,
1cb93cf6-1fdd-443f-8d02-4d33be6425c9,fd9e2529-1a5d-41c5-873a-810616e65322,1259696,pp,2021-09-03 16:36:52.385,,,,,,,,,,,retailer.com,192.168.0.1,
375459fd-570e-4ec9-b380-ba30d7daca4e,fd9e2529-1a5d-41c5-873a-810616e65322,1259696,pv,2021-09-03 16:37:20.160,,,,,,,,,,,retailer.com,192.168.0.1,
383f453c-95fe-4f6d-ab6d-a6bca9ac0962,fd9e2529-1a5d-41c5-873a-810616e65322,1259696,pp,2021-09-03 16:43:06.014,,,,,,,,,,,retailer.com,192.168.0.1,
447c24ec-248d-4af6-ad4c-f4b964bf281b,fd9e2529-1a5d-41c5-873a-810616e65322,1259696,pp,2021-09-03 16:42:03.026,,,,,,,,,,,retailer.com,192.168.0.1,
716db5d6-aa1e-48b6-854b-1516c71676fb,fd9e2529-1a5d-41c5-873a-810616e65322,1259696,pp,2021-09-03 16:39:28.719,,,,,,,,,,page=2,retailer.com,192.168.0.1,
ad130fa7-1d18-45a4-9f0b-9e89a8102fd9,fd9e2529-1a5d-41c5-873a-810616e65322,1259696,pp,2021-09-03 16:42:47.980,,,,,,,,,,,retailer.com,192.168.0.1,
e0decaa2-ab68-4f10-8b74-3dac45e54f49,aef55994-be00-480f-bf3d-694cea047d8a,1259696,pv,2022-01-19 16:27:33.787,,,,,,,,,,q=airfryer,retailer.com,192.168.0.1,
29dcd63e-9027-4870-b75b-a50894aed672,fd9e2529-1a5d-41c5-873a-810616e65322,1259696,pp,2021-09-03 16:41:52.985,,,,,,,,,,,retailer.com,192.168.0.1,
ea3acc02-dd7f-4233-b1ae-ea822216af8f,fd9e2529-1a5d-41c5-873a-810616e65322,1259696,pp,2021-09-03 16:34:16.397,,,,,,,,,,,retailer.com,192.168.0.1,
cd54f89e-9cc7-42ca-adde-341e51dd40dc,fd9e2529-1a5d-41c5-873a-810616e65322,1259696,pp,2021-09-03 16:40:08.767,,,,,,,,,,page=2,retailer.com,192.168.0.1,
d04b08c6-ee89-4bac-b3df-b0c804396cd6,fd9e2529-1a5d-41c5-873a-810616e65322,1259696,pp,2021-09-03 16:39:58.762,,,,,,,,,,page=2,retailer.com,192.168.0.1,
b3c26f62-40af-4808-9a31-447955ff7771,fd9e2529-1a5d-41c5-873a-810616e65322,1259696,pp,2021-09-03 16:41:37.085,,,,,,,,,,,retailer.com,192.168.0.1,
d3209ad7-4ae1-4b4d-a332-2b673ce0e46a,fd9e2529-1a5d-41c5-873a-810616e65322,1259696,pv,2021-09-03 16:33:21.096,,,,,,,,,,,retailer.com,192.168.0.1,
bfac4b67-75de-4c94-a3a6-27df031df6ba,fd9e2529-1a5d-41c5-873a-810616e65322,1259696,pp,2021-09-03 16:38:20.165,,,,,,,,,,,retailer.com,192.168.0.1,
b8e79ae3-7acd-412e-8909-4176988bbed9,fd9e2529-1a5d-41c5-873a-810616e65322,1259696,pp,2021-09-03 16:41:48.031,,,,,,,,,,,retailer.com,192.168.0.1,
199b39fa-fc27-4f41-9cf8-7fe31aa65908,fd9e2529-1a5d-41c5-873a-810616e65322,1259696,pv,2021-09-03 16:37:00.312,,,,,,,,,,,retailer.com,192.168.0.1,
f1f7b3b9-a45b-4344-961a-513c3904b721,aef55994-be00-480f-bf3d-694cea047d8a,1259696,se,2022-01-19 16:27:35.107,,,,,,,,,,,,192.168.0.1,
40eca5ff-dc27-456a-891c-9d8d63c428c2,f1d7b1d5-ae7c-464c-8e0e-b8807d4fd18a,1259696,ue,2021-09-19 16:59:20.903,,,,,,,,,,,,192.168.0.1,
e0cdc987-e068-4833-b427-1d8f891b6432,aef55994-be00-480f-bf3d-694cea047d8a,1259696,pp,2022-01-19 16:27:31.916,,,,,,,,,,,,192.168.0.1,
e67e10b6-1e0a-4678-8020-3b3f4ea1fb89,fd9e2529-1a5d-41c5-873a-810616e65322,1259696,pv,2021-09-03 16:35:06.875,,,,,,,,,,,retailer.com,192.168.0.1,
fd2babc3-e145-4efd-89ad-c4f6b7a8c63b,fd9e2529-1a5d-41c5-873a-810616e65322,1259696,pp,2021-09-03 16:39:18.717,,,,,,,,,,page=2,retailer.com,192.168.0.1,
33914119-8366-4807-97c8-ed444589281b,fd9e2529-1a5d-41c5-873a-810616e65322,1259696,pp,2021-09-03 16:38:30.167,,,,,,,,,,,retailer.com,192.168.0.1,
99664a8b-e1e7-49a8-87bc-01f2adb7dc4b,fd9e2529-1a5d-41c5-873a-810616e65322,1259696,pp,2021-09-03 16:34:57.385,,,,,,,,,,,retailer.com,192.168.0.1,
c6928105-40c0-4ffd-a582-fa88f374577a,f1d7b1d5-ae7c-464c-8e0e-b8807d4fd18a,1259696,ue,2021-09-03 17:23:27.467,,,,,,,,,,,,192.168.0.1,
c630dfa7-1c8e-4d1e-a815-d6b902737a60,fd9e2529-1a5d-41c5-873a-810616e65322,1259696,pp,2021-09-03 16:41:11.999,,,,,,,,,,,retailer.com,192.168.0.1,
c3445b73-e13b-42b5-92ad-d3177f96554c,f1d7b1d5-ae7c-464c-8e0e-b8807d4fd18a,1259696,ue,2021-09-03 17:23:27.464,,,,,,,,,,,,192.168.0.1,
6e835d00-9115-46b9-b148-52dc367924dc,fd9e2529-1a5d-41c5-873a-810616e65322,1259696,pp,2021-09-03 16:40:52.465,,,,,,,,,,page=3,retailer.com,192.168.0.1,
5136eb3a-1854-4228-a5f5-d63ba568c263,f1d7b1d5-ae7c-464c-8e0e-b8807d4fd18a,1259696,ue,2021-09-03 17:34:15.884,,,,,,,,,,,,192.168.0.1,
c15cbc07-8361-4c84-b6e0-dc7b6208b62e,fd9e2529-1a5d-41c5-873a-810616e65322,1259696,pv,2021-09-03 16:39:03.682,,,,,,,,,,page=2,retailer.com,192.168.0.1,
19178e9a-a5fb-4d17-925a-51d29c83347a,fd9e2529-1a5d-41c5-873a-810616e65322,1259696,pv,2021-09-03 16:37:11.601,,,,,,,,,,,retailer.com,192.168.0.1,
ea394684-5df6-4d16-8bf0-18ccbaefb2bd,fd9e2529-1a5d-41c5-873a-810616e65322,1259696,pp,2021-09-03 16:39:48.716,,,,,,,,,,page=2,retailer.com,192.168.0.1,
e06a37b7-5d10-4c10-a90d-83791accc994,f1d7b1d5-ae7c-464c-8e0e-b8807d4fd18a,1259696,ue,2021-09-03 17:25:34.920,,,,,,,,,,,,192.168.0.1,
628a0b15-8200-4f2e-856a-dcdd4ea868c2,fd9e2529-1a5d-41c5-873a-810616e65322,1259696,ue,2021-09-03 16:33:09.227,,,,,,,,,,,,192.168.0.1,
a1702d5a-23c6-4823-a25b-607df1926a47,f1d7b1d5-ae7c-464c-8e0e-b8807d4fd18a,1259696,ue,2021-09-03 17:23:27.459,,,,,,,,,,,,192.168.0.1,
e753f1a4-9b21-41fa-a731-dfaf45b406e9,f1d7b1d5-ae7c-464c-8e0e-b8807d4fd18a,1259696,ue,2021-11-19 09:31:12.844,,,,,,,,,,,,192.168.0.1,
93fb9ec4-02fe-4abf-b473-cadf9fa01b7b,fd9e2529-1a5d-41c5-873a-810616e65322,1259696,pv,2021-09-03 16:34:47.370,,,,,,,,,,,retailer.com,192.168.0.1,
163c4602-e4c3-4db6-98cf-4ab18ccc3fd5,fd9e2529-1a5d-41c5-873a-810616e65322,1259696,pp,2021-09-03 16:37:25.193,,,,,,,,,,,retailer.com,192.168.0.1,
b26364e8-d9bc-48b7-8722-73c3870be32e,fd9e2529-1a5d-41c5-873a-810616e65322,1259696,ue,2021-09-03 16:37:11.128,,,,,,,,,,,retailer.com,192.168.0.1,
7efb642e-7a78-4c02-b526-b2a55c390a7f,f1d7b1d5-ae7c-464c-8e0e-b8807d4fd18a,1259696,ue,2021-09-03 17:25:34.926,,,,,,,,,,,,192.168.0.1,
e45ff904-7af3-451e-8182-5ec2a826518d,f1d7b1d5-ae7c-464c-8e0e-b8807d4fd18a,1259696,ue,2021-09-03 17:34:07.223,,,,,,,,,,,,192.168.0.1,
bbf82a02-4ee3-477d-b346-63ee21ba5978,fd9e2529-1a5d-41c5-873a-810616e65322,1259696,pp,2021-09-03 16:36:07.341,,,,,,,,,,,retailer.com,192.168.0.1,
fcfbf283-d706-4aac-8506-d7538f506874,fd9e2529-1a5d-41c5-873a-810616e65322,1259696,pv,2021-09-03 16:32:58.972,,,,,,,,,,,,192.168.0.1,
b3a195d8-4f70-4c8d-b16e-eda14edf5eff,fd9e2529-1a5d-41c5-873a-810616e65322,1259696,pp,2021-09-03 16:38:25.214,,,,,,,,,,,retailer.com,192.168.0.1,
09287197-6fcf-44d5-afc3-9ed3bbd5621c,5b7588f0-1e12-4c84-afba-73f4e0454aed,1259696,pp,2021-09-05 15:17:23.685,,,,,,,,,,,retailer.com,192.168.0.1,
b25aca88-7224-445e-8338-b960cad9db8d,f1d7b1d5-ae7c-464c-8e0e-b8807d4fd18a,1259696,ue,2021-11-19 09:32:03.674,,,,,,,,,,,,192.168.0.1,
0db2544b-2f47-44dd-91da-79af42c4f47a,fd9e2529-1a5d-41c5-873a-810616e65322,1259696,pp,2021-09-03 16:38:40.159,,,,,,,,,,,retailer.com,192.168.0.1,
a8aff8d3-554d-45ed-9958-d8dd5e3a4988,fd9e2529-1a5d-41c5-873a-810616e65322,1259696,pp,2021-09-03 16:40:27.490,,,,,,,,,,page=3,retailer.com,192.168.0.1,
03b7f41a-b41e-42af-a9e4-b459dd223e1d,fd9e2529-1a5d-41c5-873a-810616e65322,1259696,pp,2021-09-03 16:35:02.339,,,,,,,,,,,retailer.com,192.168.0.1,
a1fcd1a9-3e6b-4aa8-a2d7-87ddc4413514,fd9e2529-1a5d-41c5-873a-810616e65322,1259696,pp,2021-09-03 16:42:54.390,,,,,,,,,,,retailer.com,192.168.0.1,
91da5948-5236-4095-ab29-3e2ed3c194b4,fd9e2529-1a5d-41c5-873a-810616e65322,1259696,pp,2021-09-03 16:36:02.383,,,,,,,,,,,retailer.com,192.168.0.1,
6cbb9228-9fb2-4d89-8814-73559b5dc373,f1d7b1d5-ae7c-464c-8e0e-b8807d4fd18a,1259696,se,2021-12-03 07:57:02.884,,,,,,,,,,,,192.168.0.1,
cde34e33-29aa-4b64-aacc-fe8995e15dc1,fd9e2529-1a5d-41c5-873a-810616e65322,1259696,pv,2021-09-03 16:39:00.524,,,,,,,,,,,retailer.com,192.168.0.1,
851ae5ea-3dcc-46c9-ae54-f115d21f3896,fd9e2529-1a5d-41c5-873a-810616e65322,1259696,pp,2021-09-03 16:40:18.750,,,,,,,,,,page=2,retailer.com,192.168.0.1,
986d6571-6d25-4163-a265-7e5118b6b2e4,fd9e2529-1a5d-41c5-873a-810616e65322,1259696,pv,2021-09-03 16:35:12.317,,,,,,,,,,,retailer.com,192.168.0.1,
234802c3-821a-4862-ae6c-78e457cb12e8,fd9e2529-1a5d-41c5-873a-810616e65322,1259696,pp,2021-09-03 16:38:55.201,,,,,,,,,,,retailer.com,192.168.0.1,
9a27c92c-7969-4c4b-a1bc-806e38aab5ff,f1d7b1d5-ae7c-464c-8e0e-b8807d4fd18a,1259696,ue,2021-09-14 14:56:37.765,,,,,,,,,,,,192.168.0.1,
2e60b8cf-e5f1-486a-a865-f6133f0523ed,fd9e2529-1a5d-41c5-873a-810616e65322,1259696,pp,2021-09-03 16:34:52.333,,,,,,,,,,,retailer.com,192.168.0.1,
27b9fb50-3729-45c1-9c79-28438516f603,fd9e2529-1a5d-41c5-873a-810616e65322,1259696,pp,2021-09-03 16:36:27.394,,,,,,,,,,,retailer.com,192.168.0.1,
f3c74112-bafa-4225-9e8e-d0168799c688,fd9e2529-1a5d-41c5-873a-810616e65322,1259696,pp,2021-09-03 16:33:14.596,,,,,,,,,,,retailer.com,192.168.0.1,
ec01f368-2ac1-4071-9f82-2201ba61191b,fd9e2529-1a5d-41c5-873a-810616e65322,1259696,pp,2021-09-03 16:39:43.766,,,,,,,,,,page=2,retailer.com,192.168.0.1,
53ebbdb0-4efd-4167-bb31-754fb235b49b,f1d7b1d5-ae7c-464c-8e0e-b8807d4fd18a,1259696,se,2021-12-31 20:33:54.289,,,,,,,,,,,,192.168.0.1,
52492583-e097-430f-9977-918724dddcdf,fd9e2529-1a5d-41c5-873a-810616e65322,1259696,pp,2021-09-03 16:42:07.984,,,,,,,,,,,retailer.com,192.168.0.1,
6d8c8ff4-b87e-472c-ac43-fd2ff04e19b2,f1d7b1d5-ae7c-464c-8e0e-b8807d4fd18a,1259696,ue,2021-12-03 07:56:53.154,,,,,,,,,,,,192.168.0.1,
5e989078-55de-4721-b56a-842347e013f9,f1d7b1d5-ae7c-464c-8e0e-b8807d4fd18a,1259696,ue,2021-09-03 17:25:34.923,,,,,,,,,,,,192.168.0.1,
e49e63c3-ccf5-4136-a331-f88bcbcd4dd0,fd9e2529-1a5d-41c5-873a-810616e65322,1259696,pv,2021-09-03 16:40:40.521,,,,,,,,,,,retailer.com,192.168.0.1,
23e6a340-3be4-4a94-ad52-0d7eee189c90,aef55994-be00-480f-bf3d-694cea047d8a,1259696,se,2022-01-19 16:27:31.455,,,,,,,,,,,,192.168.0.1,
f21ae90e-7bda-4518-80b9-8738bbff9926,fd9e2529-1a5d-41c5-873a-810616e65322,1259696,pp,2021-09-03 16:37:30.164,,,,,,,,,,,retailer.com,192.168.0.1,
3327a63d-d901-4700-9701-0ae2b9c58ef1,fd9e2529-1a5d-41c5-873a-810616e65322,1259696,pp,2021-09-03 16:39:00.162,,,,,,,,,,,retailer.com,192.168.0.1,
d6892ee4-2955-419e-ab80-225ec82cc1bf,fd9e2529-1a5d-41c5-873a-810616e65322,1259696,pp,2021-09-03 16:35:42.391,,,,,,,,,,,retailer.com,192.168.0.1,
5ae99d32-094e-49c0-ad7b-87402d4d77a1,fd9e2529-1a5d-41c5-873a-810616e65322,1259696,pp,2021-09-03 16:33:08.843,,,,,,,,,,,,192.168.0.1,
126fe575-7d8a-4127-9844-6eb5897923bf,f1d7b1d5-ae7c-464c-8e0e-b8807d4fd18a,1259696,se,2021-12-03 07:58:32.401,,,,,,,,,,,,192.168.0.1,
89d80a5b-8173-4ad9-b844-d4a34c5ef2ae,fd9e2529-1a5d-41c5-873a-810616e65322,1259696,pv,2021-09-03 16:39:17.823,,,,,,,,,,,retailer.com,192.168.0.1,
1839b9a2-346b-448d-b88e-2f17c9e5dc89,f1d7b1d5-ae7c-464c-8e0e-b8807d4fd18a,1259696,se,2021-12-31 20:33:53.141,,,,,,,,,,,,192.168.0.1,
61a38d0c-cc2a-4c33-a166-a7521e66a131,fd9e2529-1a5d-41c5-873a-810616e65322,1259696,ue,2021-09-03 16:39:02.997,,,,,,,,,,,retailer.com,192.168.0.1,
a3f29abe-048a-4626-bbbd-30bd32a89dd0,f1d7b1d5-ae7c-464c-8e0e-b8807d4fd18a,1259696,ue,2021-09-03 17:23:27.469,,,,,,,,,,,,192.168.0.1,
c6ff956b-92ab-4f09-b966-6a08f8f0fddf,fd9e2529-1a5d-41c5-873a-810616e65322,1259696,pp,2021-09-03 16:35:12.384,,,,,,,,,,,retailer.com,192.168.0.1,
aaee2fd2-37e0-4a54-84c5-262b5f5310f5,fd9e2529-1a5d-41c5-873a-810616e65322,1259696,ue,2021-09-03 16:40:21.852,,,,,,,,,,page=2,retailer.com,192.168.0.1,
de9c6e55-1558-4c5c-9a15-9f30aa693264,fd9e2529-1a5d-41c5-873a-810616e65322,1259696,pp,2021-09-03 16:43:01.054,,,,,,,,,,,retailer.com,192.168.0.1,
07c5da68-da29-4e51-93ef-b3aff8ff8e72,f1d7b1d5-ae7c-464c-8e0e-b8807d4fd18a,1259696,ue,2021-11-19 09:32:00.512,,,,,,,,,,,,192.168.0.1,
381d7132-d452-43c8-b20e-edafe3f31779,fd9e2529-1a5d-41c5-873a-810616e65322,1259696,pp,2021-09-03 16:39:23.761,,,,,,,,,,page=2,retailer.com,192.168.0.1,
3d5e4710-926b-4b71-9b0f-efd5371d120f,fd9e2529-1a5d-41c5-873a-810616e65322,1259696,pp,2021-09-03 16:39:13.710,,,,,,,,,,page=2,retailer.com,192.168.0.1,
ea8dbbd1-f50c-49fd-927a-a2e9f72a2ae5,fd9e2529-1a5d-41c5-873a-810616e65322,1259696,pp,2021-09-03 16:33:26.150,,,,,,,,,,,retailer.com,192.168.0.1,
849b76e3-e56d-4b8a-9b1f-1f98d7a3d8f6,fd9e2529-1a5d-41c5-873a-810616e65322,1259696,pp,2021-09-03 16:34:36.425,,,,,,,,,,,retailer.com,192.168.0.1,
b78753f5-774a-4615-ae79-70c1944cb4bb,f1d7b1d5-ae7c-464c-8e0e-b8807d4fd18a,1259696,se,2021-12-03 07:58:51.868,,,,,,,,,,,,192.168.0.1,
62e401d4-77f5-4252-9dbf-7694b1ba3bc5,fd9e2529-1a5d-41c5-873a-810616e65322,1259696,pp,2021-09-03 16:37:07.336,,,,,,,,,,,retailer.com,192.168.0.1,
a2cf032d-e0fc-46b7-99e3-16290d15ade8,fd9e2529-1a5d-41c5-873a-810616e65322,1259696,pp,2021-09-03 16:41:48.035,,,,,,,,,,,retailer.com,192.168.0.1,
dc93b029-5838-49f0-a4c4-3e83742eb592,fd9e2529-1a5d-41c5-873a-810616e65322,1259696,pp,2021-09-03 16:42:56.004,,,,,,,,,,,retailer.com,192.168.0.1,
f8a22cd2-bfe6-4035-b32f-3a6726eaf4b3,f1d7b1d5-ae7c-464c-8e0e-b8807d4fd18a,1259696,ue,2021-11-19 09:31:57.118,,,,,,,,,,,,192.168.0.1,
2427f3f0-d789-4875-ae20-c80e89cd4ffb,fd9e2529-1a5d-41c5-873a-810616e65322,1259696,pp,2021-09-03 16:36:37.345,,,,,,,,,,,retailer.com,192.168.0.1,
69c2d065-a658-4746-b70f-9ba7c23d347a,fd9e2529-1a5d-41c5-873a-810616e65322,1259696,pp,2021-09-03 16:35:22.392,,,,,,,,,,,retailer.com,192.168.0.1,
e672919e-1e01-47d5-a766-0cec9a25c029,fd9e2529-1a5d-41c5-873a-810616e65322,1259696,pp,2021-09-03 16:37:16.656,,,,,,,,,,,retailer.com,192.168.0.1,
435b20ad-2fe8-4219-b6ba-ff0670400d02,fd9e2529-1a5d-41c5-873a-810616e65322,1259696,pv,2021-09-03 16:33:09.570,,,,,,,,,,,retailer.com,192.168.0.1,
eb8defdd-4835-41e8-9767-9ff848d96c4f,f1d7b1d5-ae7c-464c-8e0e-b8807d4fd18a,1259696,ue,2021-09-03 17:27:46.649,,,,,,,,,,,,192.168.0.1,
07f1a2ab-4775-419d-ba83-2a88decaf33f,fd9e2529-1a5d-41c5-873a-810616e65322,1259696,pp,2021-09-03 16:38:15.208,,,,,,,,,,,retailer.com,192.168.0.1,
8f0996ab-6b30-4356-9ae0-57e03076c675,fd9e2529-1a5d-41c5-873a-810616e65322,1259696,pp,2021-09-03 16:36:47.345,,,,,,,,,,,retailer.com,192.168.0.1,
9e9aac30-ea67-4570-a0fc-1ce4a18fa730,f1d7b1d5-ae7c-464c-8e0e-b8807d4fd18a,1259696,se,2021-12-03 07:56:31.971,,,,,,,,,,,,192.168.0.1,
80dd17c5-b61d-47a0-a685-f58dba1409a0,fd9e2529-1a5d-41c5-873a-810616e65322,1259696,pp,2021-09-03 16:41:07.509,,,,,,,,,,page=3,retailer.com,192.168.0.1,
e3c963fe-43ea-4d83-91f8-f5d085d88048,fd9e2529-1a5d-41c5-873a-810616e65322,1259696,pv,2021-09-03 16:36:18.788,,,,,,,,,,,retailer.com,192.168.0.1,
281f1462-9007-4575-9f0b-b872b0aed358,f1d7b1d5-ae7c-464c-8e0e-b8807d4fd18a,1259696,se,2021-12-31 20:33:53.967,,,,,,,,,,,,192.168.0.1,
2813fedb-3c2f-4b43-9e05-6b564aa7662b,fd9e2529-1a5d-41c5-873a-810616e65322,1259696,pp,2021-09-03 16:36:22.364,,,,,,,,,,,retailer.com,192.168.0.1,
d0de913e-ce68-4250-b9c3-80451d77f39b,f1d7b1d5-ae7c-464c-8e0e-b8807d4fd18a,1259696,ue,2021-09-03 17:25:34.910,,,,,,,,,,,,192.168.0.1,
953accbb-ff82-4a16-b839-c92f1668592c,fd9e2529-1a5d-41c5-873a-810616e65322,1259696,pp,2021-09-03 16:38:35.209,,,,,,,,,,,retailer.com,192.168.0.1,
b86ef1b3-aeee-49a1-a943-f24758c4cd4d,fd9e2529-1a5d-41c5-873a-810616e65322,1259696,pp,2021-09-03 16:38:10.165,,,,,,,,,,,retailer.com,192.168.0.1,
282ea110-c5e7-4567-95a3-bdb5c9254773,f1d7b1d5-ae7c-464c-8e0e-b8807d4fd18a,1259696,se,2021-12-31 20:33:53.699,,,,,,,,,,,,192.168.0.1,
b2991184-7ccf-43e1-8452-67e2bb079f85,fd9e2529-1a5d-41c5-873a-810616e65322,1259696,pp,2021-09-03 16:40:03.720,,,,,,,,,,page=2,retailer.com,192.168.0.1,
708e5c28-3aa5-435f-9f66-4c21f208864e,f1d7b1d5-ae7c-464c-8e0e-b8807d4fd18a,1259696,ue,2021-09-14 14:56:23.569,,,,,,,,,,,,192.168.0.1,
fb3d8ac0-9efb-4e70-a151-3b165593ab05,f1d7b1d5-ae7c-464c-8e0e-b8807d4fd18a,1259696,ue,2021-09-14 14:57:23.200,,,,,,,,,,,,192.168.0.1,
76845df8-1508-4a54-a8d2-b984540bc4a0,aef55994-be00-480f-bf3d-694cea047d8a,1259696,se,2022-01-19 16:27:31.595,,,,,,,,,,,,192.168.0.1,
2781cd98-e5c8-4f87-9c24-fa687502705e,fd9e2529-1a5d-41c5-873a-810616e65322,1259696,pp,2021-09-03 16:38:50.168,,,,,,,,,,,retailer.com,192.168.0.1,
317c2ab4-2e70-44c2-98ca-2c59ac6844fe,fd9e2529-1a5d-41c5-873a-810616e65322,1259696,pp,2021-09-03 16:40:13.717,,,,,,,,,,page=2,retailer.com,192.168.0.1,
00a63c61-dd63-4703-bf21-ed8ea1797196,fd9e2529-1a5d-41c5-873a-810616e65322,1259696,pp,2021-09-03 16:39:38.715,,,,,,,,,,page=2,retailer.com,192.168.0.1,
7622e9b3-19c2-46ef-9cec-1ccba6d4fae7,fd9e2529-1a5d-41c5-873a-810616e65322,1259696,pp,2021-09-03 16:36:17.535,,,,,,,,,,,retailer.com,192.168.0.1,
8c6f3aea-a8f1-4543-a0ef-6fa063d7e122,f1d7b1d5-ae7c-464c-8e0e-b8807d4fd18a,1259696,ue,2021-11-19 09:30:50.273,,,,,,,,,,,,192.168.0.1,
c4569ca0-b0d5-44ea-a645-c280721183fd,fd9e2529-1a5d-41c5-873a-810616e65322,1259696,pp,2021-09-03 16:41:29.058,,,,,,,,,,,retailer.com,192.168.0.1,
808d40df-4d5a-450f-8b2a-19c42a64234f,f1d7b1d5-ae7c-464c-8e0e-b8807d4fd18a,1259696,se,2021-11-19 09:31:44.178,,,,,,,,,,,,192.168.0.1,
7f404c78-f985-413b-828c-b946ca80a44a,fd9e2529-1a5d-41c5-873a-810616e65322,1259696,pv,2021-09-03 16:33:41.403,,,,,,,,,,,retailer.com,192.168.0.1,
06d6e593-1913-4609-9b05-f852093067e5,f1d7b1d5-ae7c-464c-8e0e-b8807d4fd18a,1259696,ue,2021-09-03 17:43:22.795,,,,,,,,,,,,192.168.0.1,
243b383d-eb3c-4041-8e77-17a0cc154bc2,fd9e2529-1a5d-41c5-873a-810616e65322,1259696,pp,2021-09-03 16:41:37.016,,,,,,,,,,,retailer.com,192.168.0.1,
6a14180f-e186-47b8-aad8-61ca0d3f0730,fd9e2529-1a5d-41c5-873a-810616e65322,1259696,pp,2021-09-03 16:35:17.345,,,,,,,,,,,retailer.com,192.168.0.1,
fd7dad5e-d39c-4c26-b122-e5f87e49b528,f1d7b1d5-ae7c-464c-8e0e-b8807d4fd18a,1259696,ue,2021-11-19 09:32:10.764,,,,,,,,,,,,192.168.0.1,
f00d82ac-e861-4626-bec1-478e2be8778a,fd9e2529-1a5d-41c5-873a-810616e65322,1259696,pp,2021-09-03 16:41:19.027,,,,,,,,,,,retailer.com,192.168.0.1,
1b9f9c41-d95f-49b0-b2cb-2e35a0593ebd,fd9e2529-1a5d-41c5-873a-810616e65322,1259696,pp,2021-09-03 16:37:35.235,,,,,,,,,,,retailer.com,192.168.0.1,
ca7d0d4d-fd5d-497d-bd0e-5c2144087eac,fd9e2529-1a5d-41c5-873a-810616e65322,1259696,pp,2021-09-03 16:33:56.386,,,,,,,,,,,retailer.com,192.168.0.1,
0276e116-375b-4542-a3b8-fc0db6111951,fd9e2529-1a5d-41c5-873a-810616e65322,1259696,pv,2021-09-03 16:36:35.484,,,,,,,,,,,retailer.com,192.168.0.1,
550cf1e7-a4b2-475f-a6e3-6944422b53c6,fd9e2529-1a5d-41c5-873a-810616e65322,1259696,pp,2021-09-03 16:37:50.201,,,,,,,,,,,retailer.com,192.168.0.1,
